/* Generated by tools/mkhyphen.py -- do not edit.
 *
 * Knuth-Liang hyphenation patterns, packed for flash (XIP), so they
 * cost no RAM. See mkhyphen.py for the layout.
 *
 * hyph-en-us: Copyright (C) 1990, 2004, 2005 Gerard D.C. Kuiken.
 *   Copying and distribution permitted in any medium without royalty
 *   provided this notice is preserved.
 * hyph-fr: Copyright (C) 1994-2002 Daniel Flipo, Bernard Gaulle,
 *   2016 Arthur Reutenauer. MIT licence.
 */
#ifndef HYPHEN_DATA_H
#define HYPHEN_DATA_H

#define HYPH_EN_LEN 26611
#define HYPH_FR_LEN 8285

static const unsigned char hyph_data[] = {
    0x4a,0x13,0x1b,0x00,0x09,0x20,0x9b,0x00,0xc0,0x08,0x00,0x00,0x6e,0x3e,0x00,0x00,
    0x2e,0x00,0x61,0x00,0x62,0x00,0x63,0x00,0x64,0x00,0x65,0x00,0x66,0x00,0x67,0x00,
    0x68,0x00,0x69,0x00,0x6a,0x00,0x6b,0x00,0x6c,0x00,0x6d,0x00,0x6e,0x00,0x6f,0x00,
    0x70,0x00,0x71,0x00,0x72,0x00,0x73,0x00,0x74,0x00,0x75,0x00,0x76,0x00,0x77,0x00,
    0x78,0x00,0x79,0x00,0x7a,0x00,0x00,0x00,0x00,0x00,0x04,0x00,0x01,0x03,0x08,0x00,
    0x00,0x00,0x00,0x00,0x67,0x00,0x40,0x00,0x05,0x00,0x03,0x01,0x0e,0x03,0x00,0x00,
    0x00,0x00,0xd4,0x00,0x81,0x00,0x04,0x00,0x05,0x0e,0x07,0x00,0x00,0x00,0x00,0x00,
    0x3c,0x01,0xcb,0x00,0x04,0x00,0x08,0x09,0x02,0x00,0x00,0x00,0x00,0x00,0xa0,0x01,
    0x0f,0x01,0x04,0x00,0x0c,0x09,0x0e,0x00,0x00,0x00,0x00,0x00,0x0b,0x02,0x56,0x01,
    0x05,0x00,0x0f,0x13,0x14,0x0c,0x00,0x00,0x00,0x00,0x7d,0x02,0x98,0x01,0x06,0x00,
    0x13,0x05,0x0d,0x09,0x03,0x00,0x00,0x00,0xdb,0x02,0xdc,0x01,0x05,0x00,0x14,0x0f,
    0x15,0x13,0x00,0x00,0x00,0x00,0x47,0x03,0x22,0x02,0x04,0x01,0x02,0x15,0x0c,0x00,
    0x00,0x00,0x00,0x00,0xa1,0x03,0x63,0x02,0x04,0x01,0x04,0x15,0x0d,0x00,0x00,0x00,
    0x00,0x00,0xf5,0x03,0xa5,0x02,0x02,0x01,0x0a,0x00,0x00,0x00,0x00,0x00,0x00,0x00,
    0x4f,0x04,0xea,0x02,0x04,0x01,0x0d,0x09,0x06,0x00,0x00,0x00,0x00,0x00,0xa4,0x04,
    0x2c,0x03,0x05,0x01,0x0e,0x09,0x0d,0x09,0x00,0x00,0x00,0x00,0xf8,0x04,0x6f,0x03,
    0x04,0x01,0x0e,0x15,0x12,0x00,0x00,0x00,0x00,0x00,0x59,0x05,0xb1,0x03,0x04,0x01,
    0x12,0x01,0x15,0x00,0x00,0x00,0x00,0x00,0xb6,0x05,0xf4,0x03,0x03,0x01,0x13,0x00,
    0x00,0x00,0x00,0x00,0x00,0x00,0x12,0x06,0x36,0x04,0x05,0x01,0x14,0x08,0x05,0x0d,
    0x00,0x00,0x00,0x00,0x67,0x06,0x79,0x04,0x06,0x01,0x15,0x07,0x08,0x14,0x0c,0x00,
    0x00,0x00,0xc3,0x06,0xbb,0x04,0x04,0x01,0x1a,0x1a,0x09,0x00,0x00,0x00,0x00,0x00,
    0x22,0x07,0xff,0x04,0x04,0x02,0x05,0x0c,0x09,0x00,0x00,0x00,0x00,0x00,0x76,0x07,
    0x45,0x05,0x05,0x02,0x09,0x0f,0x12,0x02,0x00,0x00,0x00,0x00,0xce,0x07,0x8e,0x05,
    0x03,0x02,0x0f,0x0f,0x00,0x00,0x00,0x00,0x00,0x00,0x28,0x08,0xd6,0x05,0x06,0x02,
    0x15,0x13,0x09,0x05,0x13,0x00,0x00,0x00,0x84,0x08,0x1b,0x06,0x05,0x03,0x01,0x10,
    0x05,0x12,0x00,0x00,0x00,0x00,0xe1,0x08,0x5f,0x06,0x03,0x03,0x05,0x14,0x00,0x00,
    0x00,0x00,0x00,0x00,0x33,0x09,0xa5,0x06,0x03,0x03,0x09,0x03,0x00,0x00,0x00,0x00,
    0x00,0x00,0x89,0x09,0xe9,0x06,0x04,0x03,0x0c,0x05,0x0d,0x00,0x00,0x00,0x00,0x00,
    0xdf,0x09,0x2b,0x07,0x04,0x03,0x0f,0x1a,0x09,0x00,0x00,0x00,0x00,0x00,0x3d,0x0a,
    0x73,0x07,0x03,0x03,0x14,0x17,0x00,0x00,0x00,0x00,0x00,0x00,0x93,0x0a,0xbc,0x07,
    0x03,0x04,0x01,0x0d,0x00,0x00,0x00,0x00,0x00,0x00,0xf3,0x0a,0x05,0x08,0x05,0x04,
    0x05,0x0c,0x09,0x11,0x00,0x00,0x00,0x00,0x42,0x0b,0x47,0x08,0x03,0x04,0x05,0x14,
    0x00,0x00,0x00,0x00,0x00,0x00,0x98,0x0b,0x8e,0x08,0x04,0x04,0x09,0x0f,0x07,0x00,
    0x00,0x00,0x00,0x00,0xe4,0x0b,0xda,0x08,0x04,0x04,0x0f,0x0c,0x01,0x00,0x00,0x00,
    0x00,0x00,0x43,0x0c,0x23,0x09,0x03,0x04,0x13,0x10,0x00,0x00,0x00,0x00,0x00,0x00,
    0x97,0x0c,0x67,0x09,0x05,0x05,0x01,0x07,0x05,0x12,0x00,0x00,0x00,0x00,0xed,0x0c,
    0xaa,0x09,0x03,0x05,0x02,0x12,0x00,0x00,0x00,0x00,0x00,0x00,0x46,0x0d,0xeb,0x09,
    0x03,0x05,0x04,0x04,0x00,0x00,0x00,0x00,0x00,0x00,0x96,0x0d,0x30,0x0a,0x03,0x05,
    0x06,0x06,0x00,0x00,0x00,0x00,0x00,0x00,0xed,0x0d,0x73,0x0a,0x04,0x05,0x09,0x12,
    0x04,0x00,0x00,0x00,0x00,0x00,0x43,0x0e,0xb5,0x0a,0x05,0x05,0x0c,0x09,0x0e,0x07,
    0x00,0x00,0x00,0x00,0x95,0x0e,0xfa,0x0a,0x05,0x05,0x0d,0x09,0x13,0x08,0x00,0x00,
    0x00,0x00,0xf0,0x0e,0x3a,0x0b,0x03,0x05,0x0e,0x0e,0x00,0x00,0x00,0x00,0x00,0x00,
    0x49,0x0f,0x7c,0x0b,0x04,0x05,0x10,0x08,0x05,0x00,0x00,0x00,0x00,0x00,0xa4,0x0f,
    0xc3,0x0b,0x05,0x05,0x12,0x05,0x0e,0x01,0x00,0x00,0x00,0x00,0xf0,0x0f,0x07,0x0c,
    0x05,0x05,0x12,0x13,0x05,0x14,0x00,0x00,0x00,0x00,0x43,0x10,0x4b,0x0c,0x06,0x05,
    0x13,0x09,0x13,0x14,0x05,0x00,0x00,0x00,0xa3,0x10,0x90,0x0c,0x05,0x05,0x14,0x09,
    0x04,0x05,0x00,0x00,0x00,0x00,0xfa,0x10,0xd3,0x0c,0x05,0x05,0x16,0x05,0x0e,0x07,
    0x00,0x00,0x00,0x00,0x4e,0x11,0x14,0x0d,0x05,0x06,0x01,0x12,0x14,0x08,0x00,0x00,
    0x00,0x00,0xa5,0x11,0x57,0x0d,0x03,0x06,0x09,0x01,0x00,0x00,0x00,0x00,0x00,0x00,
    0x03,0x12,0x9d,0x0d,0x05,0x06,0x0c,0x15,0x0f,0x12,0x00,0x00,0x00,0x00,0x55,0x12,
    0xe0,0x0d,0x04,0x06,0x15,0x13,0x09,0x00,0x00,0x00,0x00,0x00,0xa7,0x12,0x21,0x0e,
    0x06,0x07,0x05,0x0e,0x03,0x19,0x00,0x00,0x00,0x00,0xfd,0x12,0x65,0x0e,0x05,0x07,
    0x09,0x0d,0x05,0x0e,0x00,0x00,0x00,0x00,0x4f,0x13,0xaa,0x0e,0x04,0x07,0x0e,0x09,
    0x0f,0x00,0x00,0x00,0x00,0x00,0xa3,0x13,0xf3,0x0e,0x04,0x07,0x12,0x01,0x19,0x00,
    0x00,0x00,0x00,0x00,0xfe,0x13,0x38,0x0f,0x05,0x08,0x01,0x0e,0x03,0x19,0x00,0x00,
    0x00,0x00,0x5b,0x14,0x7d,0x0f,0x05,0x08,0x05,0x0c,0x0c,0x19,0x00,0x00,0x00,0x00,
    0xb2,0x14,0xc3,0x0f,0x04,0x08,0x09,0x12,0x0c,0x00,0x00,0x00,0x00,0x00,0x0e,0x15,
    0x09,0x10,0x05,0x08,0x0f,0x12,0x09,0x13,0x00,0x00,0x00,0x00,0x6d,0x15,0x4f,0x10,
    0x03,0x08,0x19,0x13,0x00,0x00,0x00,0x00,0x00,0x00,0xbf,0x15,0x92,0x10,0x04,0x09,
    0x03,0x01,0x13,0x00,0x00,0x00,0x00,0x00,0x0f,0x16,0xd5,0x10,0x04,0x09,0x04,0x09,
    0x0f,0x00,0x00,0x00,0x00,0x00,0x65,0x16,0x18,0x11,0x02,0x09,0x07,0x00,0x00,0x00,
    0x00,0x00,0x00,0x00,0xb4,0x16,0x5d,0x11,0x03,0x09,0x0c,0x09,0x00,0x00,0x00,0x00,
    0x00,0x00,0x10,0x17,0x9f,0x11,0x05,0x09,0x0e,0x03,0x05,0x12,0x00,0x00,0x00,0x00,
    0x66,0x17,0xe2,0x11,0x04,0x09,0x0e,0x13,0x05,0x00,0x00,0x00,0x00,0x00,0xbd,0x17,
    0x24,0x12,0x05,0x09,0x11,0x15,0x09,0x04,0x00,0x00,0x00,0x00,0x14,0x18,0x6a,0x12,
    0x05,0x09,0x13,0x08,0x0f,0x0e,0x00,0x00,0x00,0x00,0x6a,0x18,0xad,0x12,0x05,0x09,
    0x14,0x05,0x12,0x01,0x00,0x00,0x00,0x00,0xc0,0x18,0xf4,0x12,0x06,0x09,0x16,0x05,
    0x12,0x13,0x00,0x00,0x00,0x00,0x20,0x19,0x39,0x13,0x03,0x0b,0x05,0x04,0x00,0x00,
    0x00,0x00,0x00,0x00,0x71,0x19,0x7d,0x13,0x03,0x0b,0x0e,0x0f,0x00,0x00,0x00,0x00,
    0x00,0x00,0xd2,0x19,0xc4,0x13,0x05,0x0c,0x01,0x14,0x09,0x16,0x00,0x00,0x00,0x00,
    0x30,0x1a,0x0f,0x14,0x06,0x0c,0x05,0x0e,0x0f,0x09,0x04,0x00,0x00,0x00,0x81,0x1a,
    0x54,0x14,0x05,0x0c,0x09,0x01,0x14,0x0f,0x00,0x00,0x00,0x00,0xd9,0x1a,0x99,0x14,
    0x04,0x0c,0x09,0x14,0x00,0x00,0x00,0x00,0x00,0x00,0x2d,0x1b,0xdf,0x14,0x04,0x0c,
    0x0d,0x0f,0x0e,0x00,0x00,0x00,0x00,0x00,0x92,0x1b,0x25,0x15,0x05,0x0c,0x0f,0x15,
    0x0e,0x04,0x00,0x00,0x00,0x00,0xe6,0x1b,0x69,0x15,0x04,0x0c,0x15,0x03,0x08,0x00,
    0x00,0x00,0x00,0x00,0x40,0x1c,0xb0,0x15,0x04,0x0d,0x01,0x03,0x01,0x00,0x00,0x00,
    0x00,0x00,0xa0,0x1c,0xf5,0x15,0x02,0x0d,0x02,0x00,0x00,0x00,0x00,0x00,0x00,0x00,
    0xed,0x1c,0x3e,0x16,0x04,0x0d,0x05,0x0f,0x0e,0x00,0x00,0x00,0x00,0x00,0x41,0x1d,
    0x84,0x16,0x06,0x0d,0x09,0x0e,0x07,0x0c,0x19,0x00,0x00,0x00,0x9c,0x1d,0xd0,0x16,
    0x03,0x0d,0x0f,0x0b,0x00,0x00,0x00,0x00,0x00,0x00,0xf7,0x1d,0x18,0x17,0x04,0x0d,
    0x10,0x05,0x14,0x00,0x00,0x00,0x00,0x00,0x4b,0x1e,0x5f,0x17,0x03,0x0e,0x01,0x02,
    0x00,0x00,0x00,0x00,0x00,0x00,0xa0,0x1e,0xa4,0x17,0x04,0x0e,0x03,0x01,0x12,0x00,
    0x00,0x00,0x00,0x00,0xfc,0x1e,0xe7,0x17,0x03,0x0e,0x05,0x04,0x00,0x00,0x00,0x00,
    0x00,0x00,0x50,0x1f,0x2a,0x18,0x04,0x0e,0x07,0x05,0x0c,0x00,0x00,0x00,0x00,0x00,
    0xa1,0x1f,0x70,0x18,0x04,0x0e,0x09,0x07,0x12,0x00,0x00,0x00,0x00,0x00,0xf5,0x1f,
    0xb4,0x18,0x05,0x0e,0x0f,0x02,0x0c,0x05,0x00,0x00,0x00,0x00,0x54,0x20,0x01,0x19,
    0x03,0x0e,0x0f,0x15,0x00,0x00,0x00,0x00,0x00,0x00,0xaa,0x20,0x46,0x19,0x05,0x0e,
    0x14,0x09,0x05,0x12,0x00,0x00,0x00,0x00,0x02,0x21,0x8c,0x19,0x05,0x0f,0x01,0x13,
    0x14,0x05,0x00,0x00,0x00,0x00,0x68,0x21,0xcf,0x19,0x04,0x0f,0x04,0x0f,0x12,0x00,
    0x00,0x00,0x00,0x00,0xbf,0x21,0x14,0x1a,0x05,0x0f,0x09,0x03,0x05,0x13,0x00,0x00,
    0x00,0x00,0x20,0x22,0x58,0x1a,0x04,0x0f,0x0c,0x09,0x0c,0x00,0x00,0x00,0x00,0x00,
    0x7d,0x22,0x9b,0x1a,0x05,0x0f,0x0d,0x09,0x03,0x00,0x00,0x00,0x00,0x00,0xd7,0x22,
    0xde,0x1a,0x03,0x0f,0x0e,0x13,0x00,0x00,0x00,0x00,0x00,0x00,0x2d,0x23,0x1f,0x1b,
    0x02,0x0f,0x11,0x00,0x00,0x00,0x00,0x00,0x00,0x00,0x87,0x23,0x63,0x1b,0x05,0x0f,
    0x12,0x14,0x08,0x19,0x00,0x00,0x00,0x00,0xe5,0x23,0xa7,0x1b,0x03,0x0f,0x14,0x08,
    0x00,0x00,0x00,0x00,0x00,0x00,0x45,0x24,0xee,0x1b,0x03,0x0f,0x17,0x0f,0x00,0x00,
    0x00,0x00,0x00,0x00,0x9d,0x24,0x32,0x1c,0x05,0x10,0x01,0x14,0x05,0x12,0x00,0x00,
    0x00,0x00,0xf1,0x24,0x76,0x1c,0x06,0x10,0x05,0x12,0x0d,0x01,0x0c,0x00,0x00,0x00,
    0x4a,0x25,0xb9,0x1c,0x03,0x10,0x08,0x19,0x00,0x00,0x00,0x00,0x00,0x00,0x9c,0x25,
    0x01,0x1d,0x06,0x10,0x0c,0x09,0x0e,0x01,0x12,0x00,0x00,0x00,0xf3,0x25,0x48,0x1d,
    0x04,0x10,0x10,0x05,0x0e,0x00,0x00,0x00,0x00,0x00,0x58,0x26,0x8f,0x1d,0x03,0x10,
    0x13,0x05,0x00,0x00,0x00,0x00,0x00,0x00,0xae,0x26,0xdb,0x1d,0x07,0x11,0x15,0x01,
    0x09,0x0e,0x14,0x05,0x00,0x00,0x15,0x27,0x28,0x1e,0x04,0x12,0x01,0x0e,0x0f,0x00,
    0x00,0x00,0x00,0x00,0x6d,0x27,0x6a,0x1e,0x04,0x12,0x04,0x01,0x0c,0x00,0x00,0x00,
    0x00,0x00,0xcc,0x27,0xaf,0x1e,0x05,0x12,0x05,0x0e,0x14,0x05,0x00,0x00,0x00,0x00,
    0x26,0x28,0xf3,0x1e,0x03,0x12,0x06,0x19,0x00,0x00,0x00,0x00,0x00,0x00,0x74,0x28,
    0x33,0x1f,0x05,0x12,0x09,0x07,0x01,0x0e,0x00,0x00,0x00,0x00,0xc8,0x28,0x74,0x1f,
    0x04,0x12,0x09,0x16,0x09,0x00,0x00,0x00,0x00,0x00,0x1d,0x29,0xb7,0x1f,0x04,0x12,
    0x0e,0x05,0x19,0x00,0x00,0x00,0x00,0x00,0x7a,0x29,0xfc,0x1f,0x04,0x12,0x0f,0x12,
    0x09,0x00,0x00,0x00,0x00,0x00,0xd4,0x29,0x40,0x20,0x03,0x12,0x13,0x03,0x00,0x00,
    0x00,0x00,0x00,0x00,0x26,0x2a,0x83,0x20,0x04,0x12,0x14,0x12,0x09,0x00,0x00,0x00,
    0x00,0x00,0x83,0x2a,0xc5,0x20,0x05,0x13,0x01,0x03,0x12,0x09,0x00,0x00,0x00,0x00,
    0xe2,0x2a,0x0d,0x21,0x04,0x13,0x03,0x09,0x05,0x00,0x00,0x00,0x00,0x00,0x3f,0x2b,
    0x59,0x21,0x05,0x13,0x05,0x0e,0x01,0x14,0x00,0x00,0x00,0x00,0x91,0x2b,0x9f,0x21,
    0x03,0x13,0x08,0x0f,0x00,0x00,0x00,0x00,0x00,0x00,0xe4,0x2b,0xe0,0x21,0x03,0x13,
    0x09,0x16,0x00,0x00,0x00,0x00,0x00,0x00,0x42,0x2c,0x29,0x22,0x04,0x13,0x0f,0x0e,
    0x00,0x00,0x00,0x00,0x00,0x00,0x99,0x2c,0x6e,0x22,0x07,0x13,0x10,0x0f,0x12,0x14,
    0x13,0x03,0x00,0x00,0xf9,0x2c,0xb7,0x22,0x05,0x13,0x14,0x01,0x0d,0x09,0x00,0x00,
    0x00,0x00,0x51,0x2d,0xfc,0x22,0x05,0x13,0x14,0x12,0x01,0x04,0x00,0x00,0x00,0x00,
    0xa9,0x2d,0x44,0x23,0x04,0x13,0x19,0x0e,0x0f,0x00,0x00,0x00,0x00,0x00,0x0c,0x2e,
    0x8c,0x23,0x05,0x14,0x01,0x12,0x09,0x1a,0x00,0x00,0x00,0x00,0x66,0x2e,0xd1,0x23,
    0x06,0x14,0x05,0x0c,0x05,0x12,0x0f,0x00,0x00,0x00,0xbc,0x2e,0x16,0x24,0x02,0x14,
    0x06,0x00,0x00,0x00,0x00,0x00,0x00,0x00,0x17,0x2f,0x60,0x24,0x04,0x14,0x09,0x03,
    0x0b,0x00,0x00,0x00,0x00,0x00,0x69,0x2f,0xa4,0x24,0x03,0x14,0x09,0x1a,0x00,0x00,
    0x00,0x00,0x00,0x00,0xc0,0x2f,0xe8,0x24,0x05,0x14,0x0f,0x12,0x09,0x1a,0x00,0x00,
    0x00,0x00,0x20,0x30,0x2c,0x25,0x07,0x14,0x12,0x0f,0x0c,0x05,0x15,0x0d,0x00,0x00,
    0x79,0x30,0x7c,0x25,0x05,0x14,0x15,0x0e,0x09,0x13,0x00,0x00,0x00,0x00,0xce,0x30,
    0xbf,0x25,0x04,0x15,0x01,0x12,0x14,0x00,0x00,0x00,0x00,0x00,0x22,0x31,0x02,0x26,
    0x04,0x15,0x05,0x0e,0x13,0x00,0x00,0x00,0x00,0x00,0x7e,0x31,0x44,0x26,0x05,0x15,
    0x0c,0x0c,0x09,0x13,0x00,0x00,0x00,0x00,0xd3,0x31,0x88,0x26,0x03,0x15,0x0e,0x19,
    0x00,0x00,0x00,0x00,0x00,0x00,0x2a,0x32,0xc9,0x26,0x03,0x15,0x12,0x0c,0x00,0x00,
    0x00,0x00,0x00,0x00,0x84,0x32,0x09,0x27,0x04,0x15,0x14,0x05,0x0c,0x00,0x00,0x00,
    0x00,0x00,0xda,0x32,0x50,0x27,0x04,0x16,0x01,0x0c,0x15,0x00,0x00,0x00,0x00,0x00,
    0x38,0x33,0x92,0x27,0x07,0x16,0x05,0x13,0x14,0x09,0x14,0x05,0x00,0x00,0x8b,0x33,
    0xd6,0x27,0x04,0x16,0x09,0x14,0x19,0x00,0x00,0x00,0x00,0x00,0xea,0x33,0x1e,0x28,
    0x05,0x17,0x01,0x16,0x05,0x12,0x00,0x00,0x00,0x00,0x4a,0x34,0x60,0x28,0x02,0x17,
    0x10,0x00,0x00,0x00,0x00,0x00,0x00,0x00,0x9c,0x34,0xa2,0x28,0x04,0x18,0x09,0x0d,
    0x05,0x00,0x00,0x00,0x00,0x00,0xeb,0x34,0xe5,0x28,0x07,0x19,0x05,0x13,0x14,0x05,
    0x12,0x19,0x00,0x00,0x45,0x35,0x2a,0x29,0x04,0x19,0x12,0x01,0x0d,0x00,0x00,0x00,
    0x00,0x00,0x95,0x35,0x6d,0x29,0x02,0x1a,0x0c,0x00,0x00,0x00,0x00,0x00,0x00,0x00,
    0x04,0x00,0x01,0x03,0x08,0x24,0x04,0x04,0x05,0x12,0x22,0x06,0x14,0x22,0x0c,0x14,
    0x23,0x0d,0x01,0x14,0x22,0x0e,0x03,0x31,0x07,0x32,0x09,0x0d,0x31,0x14,0x41,0x05,
    0x42,0x09,0x13,0x22,0x12,0x13,0x33,0x14,0x09,0x05,0x41,0x19,0x22,0x13,0x03,0x31,
    0x10,0x31,0x13,0x33,0x14,0x05,0x12,0x23,0x14,0x0f,0x0d,0x22,0x15,0x04,0x22,0x16,
    0x09,0x22,0x17,0x0e,0x13,0x02,0x01,0x07,0x32,0x0e,0x01,0x32,0x13,0x05,0x22,0x05,
    0x12,0x41,0x01,0x32,0x13,0x0d,0x42,0x14,0x0f,0x22,0x12,0x09,0x24,0x15,0x14,0x14,
    0x09,0x15,0x03,0x01,0x0d,0x10,0x05,0x05,0x00,0x03,0x01,0x0e,0x03,0x33,0x10,0x01,
    0x02,0x33,0x12,0x0f,0x0c,0x31,0x14,0x23,0x05,0x0c,0x01,0x21,0x08,0x34,0x09,0x0c,
    0x0c,0x09,0x21,0x09,0x32,0x14,0x12,0x22,0x0f,0x05,0x33,0x0e,0x07,0x12,0x31,0x12,
    0x43,0x0e,0x05,0x12,0x15,0x04,0x05,0x0d,0x0f,0x09,0x31,0x0f,0x32,0x12,0x01,0x41,
    0x09,0x52,0x16,0x01,0x32,0x13,0x03,0x25,0x09,0x03,0x14,0x09,0x0f,0x22,0x0f,0x14,
    0x23,0x12,0x09,0x16,0x22,0x15,0x03,0x32,0x0d,0x02,0x15,0x05,0x01,0x12,0x14,0x08,
    0x32,0x13,0x09,0x21,0x02,0x22,0x05,0x12,0x21,0x07,0x22,0x0c,0x04,0x32,0x05,0x0d,
    0x23,0x0e,0x01,0x0d,0x04,0x00,0x05,0x0e,0x07,0x31,0x13,0x24,0x11,0x15,0x09,0x14,
    0x23,0x12,0x12,0x09,0x21,0x13,0x24,0x14,0x08,0x19,0x0c,0x21,0x15,0x33,0x0c,0x05,
    0x12,0x21,0x16,0x35,0x05,0x12,0x13,0x09,0x02,0x22,0x19,0x05,0x13,0x06,0x05,0x13,
    0x25,0x0f,0x12,0x0d,0x05,0x12,0x12,0x07,0x01,0x33,0x13,0x0f,0x0d,0x21,0x05,0x32,
    0x0e,0x14,0x32,0x0f,0x07,0x42,0x0d,0x05,0x41,0x14,0x22,0x09,0x01,0x31,0x02,0x22,
    0x0f,0x12,0x15,0x08,0x01,0x0e,0x04,0x09,0x41,0x0b,0x21,0x05,0x32,0x0d,0x0f,0x32,
    0x10,0x01,0x33,0x12,0x0f,0x05,0x51,0x09,0x31,0x13,0x31,0x14,0x04,0x00,0x08,0x09,
    0x02,0x32,0x05,0x12,0x24,0x0f,0x0e,0x05,0x19,0x41,0x0f,0x31,0x16,0x13,0x09,0x04,
    0x0c,0x32,0x0f,0x0c,0x22,0x0d,0x0d,0x33,0x10,0x09,0x0e,0x21,0x0e,0x32,0x03,0x09,
    0x31,0x05,0x31,0x0b,0x31,0x13,0x32,0x15,0x14,0x22,0x12,0x12,0x22,0x13,0x09,0x13,
    0x0a,0x15,0x12,0x15,0x0b,0x09,0x0c,0x0e,0x09,0x24,0x0f,0x12,0x14,0x05,0x14,0x0c,
    0x01,0x03,0x19,0x31,0x0d,0x33,0x14,0x05,0x12,0x41,0x08,0x21,0x05,0x32,0x07,0x05,
    0x34,0x09,0x03,0x05,0x13,0x31,0x0e,0x31,0x10,0x31,0x16,0x22,0x09,0x07,0x41,0x01,
    0x04,0x00,0x0c,0x09,0x0e,0x31,0x0f,0x31,0x14,0x14,0x0d,0x01,0x07,0x01,0x32,0x0c,
    0x0f,0x32,0x0e,0x01,0x33,0x12,0x14,0x09,0x21,0x05,0x33,0x07,0x01,0x0c,0x32,0x12,
    0x03,0x34,0x14,0x01,0x0c,0x01,0x42,0x05,0x12,0x24,0x09,0x0d,0x09,0x03,0x31,0x13,
    0x43,0x05,0x12,0x13,0x42,0x14,0x09,0x23,0x0f,0x0e,0x05,0x32,0x12,0x0f,0x23,0x15,
    0x14,0x01,0x51,0x02,0x14,0x0e,0x05,0x0f,0x06,0x22,0x09,0x03,0x24,0x0f,0x05,0x14,
    0x08,0x33,0x0e,0x05,0x0d,0x12,0x0f,0x04,0x31,0x04,0x23,0x06,0x14,0x05,0x24,0x12,
    0x01,0x14,0x0f,0x31,0x03,0x31,0x04,0x31,0x14,0x21,0x13,0x05,0x00,0x0f,0x13,0x14,
    0x0c,0x22,0x14,0x08,0x22,0x15,0x14,0x15,0x10,0x05,0x04,0x01,0x0c,0x32,0x14,0x05,
    0x42,0x09,0x14,0x22,0x09,0x05,0x32,0x0f,0x0e,0x31,0x14,0x24,0x0f,0x0c,0x19,0x13,
    0x34,0x13,0x14,0x01,0x0d,0x24,0x12,0x05,0x01,0x0d,0x41,0x0d,0x13,0x12,0x01,0x03,
    0x32,0x0e,0x14,0x35,0x14,0x09,0x0f,0x0e,0x01,0x34,0x16,0x05,0x0e,0x0f,0x22,0x05,
    0x05,0x41,0x03,0x33,0x0d,0x09,0x14,0x31,0x13,0x43,0x14,0x01,0x14,0x22,0x09,0x07,
    0x32,0x14,0x15,0x22,0x0f,0x11,0x32,0x13,0x14,0x32,0x17,0x04,0x22,0x15,0x04,0x14,
    0x13,0x03,0x09,0x05,0x23,0x05,0x0c,0x06,0x41,0x0c,0x32,0x0d,0x09,0x06,0x00,0x13,
    0x05,0x0d,0x09,0x03,0x51,0x04,0x51,0x10,0x51,0x12,0x51,0x13,0x51,0x16,0x31,0x0e,
    0x33,0x12,0x09,0x05,0x21,0x08,0x21,0x09,0x32,0x0e,0x07,0x24,0x10,0x08,0x09,0x0e,
    0x33,0x09,0x0e,0x0f,0x21,0x14,0x33,0x01,0x02,0x0c,0x21,0x19,0x12,0x14,0x01,0x35,
    0x10,0x05,0x13,0x14,0x12,0x21,0x05,0x34,0x0c,0x05,0x07,0x12,0x33,0x0e,0x01,0x0e,
    0x21,0x08,0x21,0x09,0x31,0x0c,0x32,0x0d,0x0f,0x32,0x0e,0x07,0x41,0x0b,0x23,0x0f,
    0x0e,0x01,0x31,0x10,0x41,0x09,0x42,0x0f,0x07,0x31,0x11,0x05,0x00,0x14,0x0f,0x15,
    0x13,0x25,0x12,0x09,0x02,0x15,0x14,0x13,0x15,0x0e,0x01,0x42,0x14,0x14,0x32,0x03,
    0x05,0x33,0x04,0x05,0x12,0x31,0x05,0x42,0x12,0x12,0x31,0x0b,0x31,0x0f,0x31,0x15,
    0x21,0x10,0x22,0x12,0x05,0x22,0x13,0x01,0x15,0x16,0x05,0x0e,0x04,0x05,0x32,0x12,
    0x01,0x24,0x09,0x03,0x01,0x12,0x14,0x17,0x05,0x02,0x0c,0x23,0x09,0x0c,0x09,0x12,
    0x19,0x05,0x03,0x01,0x02,0x00,0x22,0x01,0x0c,0x31,0x0e,0x21,0x05,0x32,0x12,0x04,
    0x22,0x09,0x01,0x33,0x14,0x01,0x02,0x23,0x0c,0x01,0x14,0x24,0x0f,0x0c,0x09,0x03,
    0x51,0x1a,0x21,0x12,0x32,0x0f,0x07,0x04,0x01,0x02,0x15,0x0c,0x14,0x03,0x01,0x02,
    0x0c,0x31,0x12,0x41,0x04,0x41,0x0f,0x23,0x05,0x0f,0x15,0x31,0x12,0x23,0x08,0x05,
    0x14,0x21,0x09,0x31,0x05,0x31,0x0e,0x31,0x0f,0x23,0x12,0x0f,0x02,0x23,0x14,0x09,
    0x06,0x22,0x15,0x0c,0x31,0x0d,0x11,0x04,0x23,0x04,0x09,0x0e,0x23,0x05,0x12,0x00,
    0x21,0x09,0x31,0x01,0x32,0x03,0x01,0x32,0x05,0x12,0x31,0x0f,0x31,0x14,0x31,0x15,
    0x22,0x0c,0x05,0x22,0x0f,0x17,0x23,0x12,0x01,0x0e,0x22,0x13,0x15,0x21,0x15,0x31,
    0x03,0x04,0x01,0x04,0x15,0x0d,0x12,0x05,0x12,0x32,0x09,0x05,0x11,0x06,0x21,0x06,
    0x33,0x09,0x13,0x08,0x13,0x07,0x01,0x02,0x31,0x0e,0x23,0x05,0x0c,0x0c,0x31,0x0f,
    0x31,0x15,0x21,0x09,0x21,0x0c,0x21,0x0e,0x21,0x0f,0x31,0x07,0x32,0x0e,0x09,0x23,
    0x15,0x05,0x12,0x31,0x0c,0x21,0x19,0x12,0x08,0x01,0x21,0x05,0x21,0x0c,0x21,0x0f,
    0x11,0x09,0x21,0x01,0x22,0x03,0x00,0x22,0x0c,0x19,0x21,0x0e,0x32,0x09,0x0e,0x31,
    0x0f,0x23,0x14,0x05,0x0e,0x02,0x01,0x0a,0x13,0x0b,0x05,0x0e,0x13,0x0c,0x01,0x02,
    0x31,0x04,0x31,0x12,0x22,0x04,0x09,0x21,0x05,0x32,0x0e,0x04,0x42,0x14,0x09,0x31,
    0x0f,0x21,0x09,0x32,0x01,0x00,0x31,0x05,0x23,0x0c,0x05,0x16,0x32,0x09,0x03,0x21,
    0x0d,0x23,0x0f,0x07,0x00,0x22,0x19,0x00,0x31,0x13,0x41,0x14,0x31,0x14,0x31,0x1a,
    0x12,0x0d,0x01,0x31,0x02,0x31,0x07,0x32,0x12,0x01,0x32,0x13,0x03,0x33,0x14,0x09,
    0x13,0x41,0x0f,0x25,0x05,0x0e,0x14,0x01,0x02,0x32,0x12,0x01,0x22,0x09,0x03,0x04,
    0x01,0x0d,0x09,0x06,0x32,0x0c,0x19,0x31,0x0e,0x41,0x0f,0x21,0x0f,0x31,0x0e,0x32,
    0x12,0x09,0x23,0x10,0x05,0x0e,0x11,0x0e,0x23,0x01,0x07,0x05,0x32,0x0c,0x19,0x51,
    0x13,0x31,0x12,0x41,0x03,0x41,0x09,0x32,0x14,0x09,0x21,0x04,0x32,0x05,0x13,0x32,
    0x09,0x13,0x31,0x0c,0x32,0x0f,0x17,0x22,0x05,0x05,0x31,0x0e,0x33,0x13,0x14,0x00,
    0x31,0x15,0x21,0x07,0x32,0x09,0x05,0x31,0x0c,0x22,0x09,0x03,0x32,0x05,0x13,0x31,
    0x06,0x32,0x0d,0x05,0x05,0x01,0x0e,0x09,0x0d,0x09,0x32,0x0e,0x05,0x31,0x0f,0x31,
    0x10,0x32,0x13,0x08,0x31,0x14,0x31,0x15,0x23,0x0b,0x0c,0x09,0x23,0x0e,0x09,0x1a,
    0x21,0x0f,0x32,0x01,0x03,0x31,0x14,0x41,0x08,0x22,0x13,0x01,0x32,0x03,0x0f,0x32,
    0x07,0x12,0x31,0x0e,0x31,0x10,0x41,0x0f,0x31,0x14,0x32,0x15,0x12,0x31,0x16,0x23,
    0x14,0x01,0x0c,0x32,0x09,0x04,0x41,0x05,0x41,0x0e,0x42,0x12,0x05,0x31,0x0f,0x31,
    0x12,0x31,0x17,0x22,0x15,0x01,0x31,0x0c,0x04,0x01,0x0e,0x15,0x12,0x11,0x0f,0x13,
    0x10,0x01,0x12,0x31,0x14,0x25,0x05,0x01,0x02,0x0c,0x05,0x32,0x12,0x0f,0x23,0x08,
    0x05,0x12,0x31,0x09,0x24,0x09,0x0c,0x0c,0x01,0x61,0x12,0x31,0x0e,0x32,0x14,0x01,
    0x41,0x15,0x21,0x0c,0x22,0x0f,0x03,0x32,0x0c,0x01,0x32,0x12,0x09,0x32,0x13,0x14,
    0x23,0x13,0x05,0x13,0x21,0x15,0x13,0x11,0x15,0x05,0x11,0x12,0x23,0x01,0x03,0x14,
    0x32,0x04,0x05,0x42,0x09,0x13,0x31,0x0c,0x34,0x0d,0x05,0x14,0x05,0x32,0x0e,0x07,
    0x31,0x10,0x31,0x14,0x42,0x09,0x0f,0x51,0x16,0x04,0x01,0x12,0x01,0x15,0x31,0x16,
    0x31,0x17,0x23,0x02,0x01,0x0c,0x24,0x03,0x08,0x01,0x0e,0x42,0x05,0x14,0x24,0x04,
    0x09,0x0e,0x05,0x31,0x12,0x23,0x05,0x01,0x13,0x31,0x05,0x32,0x0e,0x14,0x32,0x13,
    0x13,0x22,0x06,0x09,0x31,0x0c,0x21,0x09,0x32,0x01,0x0c,0x41,0x0e,0x32,0x05,0x14,
    0x31,0x0d,0x33,0x0e,0x01,0x14,0x31,0x0f,0x31,0x1a,0x22,0x0d,0x09,0x22,0x0f,0x04,
    0x32,0x0e,0x09,0x31,0x0f,0x21,0x10,0x21,0x11,0x25,0x12,0x01,0x0e,0x07,0x05,0x31,
    0x05,0x22,0x13,0x01,0x31,0x08,0x03,0x01,0x13,0x00,0x22,0x01,0x02,0x32,0x0e,0x14,
    0x22,0x08,0x09,0x23,0x09,0x01,0x00,0x31,0x02,0x31,0x03,0x31,0x14,0x22,0x0b,0x09,
    0x21,0x0c,0x22,0x0f,0x03,0x22,0x10,0x08,0x22,0x13,0x08,0x23,0x14,0x05,0x0e,0x31,
    0x12,0x23,0x15,0x12,0x01,0x26,0x19,0x0d,0x10,0x14,0x0f,0x14,0x12,0x14,0x01,0x32,
    0x02,0x0c,0x31,0x03,0x32,0x0c,0x0f,0x31,0x10,0x22,0x05,0x03,0x41,0x08,0x32,0x07,
    0x0f,0x32,0x0e,0x00,0x32,0x12,0x01,0x41,0x0e,0x51,0x01,0x32,0x13,0x14,0x31,0x16,
    0x21,0x08,0x05,0x01,0x14,0x08,0x05,0x0d,0x41,0x0e,0x43,0x12,0x0f,0x13,0x31,0x0f,
    0x41,0x0d,0x22,0x09,0x00,0x31,0x01,0x31,0x02,0x31,0x03,0x31,0x06,0x34,0x0f,0x0e,
    0x01,0x12,0x32,0x14,0x15,0x22,0x0f,0x07,0x31,0x0d,0x42,0x09,0x1a,0x31,0x10,0x31,
    0x13,0x21,0x12,0x32,0x0f,0x10,0x22,0x13,0x0b,0x23,0x14,0x01,0x07,0x31,0x05,0x42,
    0x13,0x00,0x31,0x08,0x21,0x15,0x31,0x01,0x31,0x05,0x31,0x0c,0x32,0x12,0x01,0x21,
    0x19,0x12,0x15,0x02,0x22,0x07,0x08,0x06,0x01,0x15,0x07,0x08,0x14,0x0c,0x31,0x15,
    0x21,0x0c,0x32,0x09,0x06,0x22,0x0e,0x04,0x21,0x12,0x23,0x13,0x09,0x02,0x23,0x14,
    0x05,0x0e,0x31,0x08,0x12,0x16,0x01,0x31,0x07,0x31,0x0e,0x23,0x05,0x0e,0x0f,0x32,
    0x12,0x01,0x41,0x0e,0x41,0x19,0x21,0x09,0x32,0x05,0x12,0x31,0x07,0x32,0x0f,0x15,
    0x22,0x0f,0x03,0x31,0x12,0x13,0x17,0x01,0x19,0x21,0x09,0x22,0x0c,0x19,0x21,0x13,
    0x13,0x18,0x09,0x03,0x31,0x04,0x13,0x19,0x01,0x0c,0x21,0x05,0x21,0x13,0x14,0x1a,
    0x09,0x05,0x12,0x04,0x01,0x1a,0x1a,0x09,0x03,0x02,0x01,0x00,0x25,0x03,0x0b,0x05,
    0x12,0x00,0x24,0x04,0x07,0x05,0x12,0x22,0x07,0x05,0x22,0x0c,0x01,0x24,0x0e,0x04,
    0x01,0x07,0x31,0x05,0x31,0x09,0x23,0x12,0x02,0x09,0x32,0x09,0x01,0x34,0x0f,0x0e,
    0x09,0x05,0x23,0x13,0x13,0x09,0x21,0x14,0x32,0x08,0x19,0x21,0x1a,0x11,0x02,0x21,
    0x05,0x31,0x12,0x23,0x09,0x0e,0x01,0x31,0x14,0x11,0x04,0x12,0x05,0x00,0x22,0x01,
    0x0b,0x31,0x14,0x21,0x04,0x31,0x01,0x31,0x05,0x31,0x09,0x22,0x07,0x09,0x31,0x15,
    0x21,0x0c,0x04,0x02,0x05,0x0c,0x09,0x31,0x0f,0x21,0x0d,0x23,0x0e,0x09,0x07,0x31,
    0x15,0x21,0x13,0x31,0x10,0x32,0x14,0x12,0x21,0x14,0x32,0x09,0x1a,0x31,0x12,0x31,
    0x17,0x23,0x16,0x09,0x05,0x21,0x17,0x22,0x19,0x0f,0x11,0x06,0x11,0x08,0x12,0x09,
    0x02,0x21,0x04,0x32,0x09,0x06,0x21,0x05,0x31,0x0e,0x31,0x12,0x21,0x06,0x21,0x0c,
    0x32,0x09,0x1a,0x33,0x0c,0x01,0x02,0x23,0x0e,0x01,0x12,0x31,0x04,0x32,0x05,0x14,
    0x23,0x0f,0x07,0x12,0x31,0x0d,0x05,0x02,0x09,0x0f,0x12,0x02,0x41,0x08,0x31,0x15,
    0x21,0x14,0x32,0x09,0x0f,0x42,0x16,0x05,0x31,0x12,0x32,0x15,0x01,0x31,0x1a,0x11,
    0x0a,0x11,0x0b,0x11,0x0c,0x23,0x01,0x0e,0x04,0x32,0x14,0x08,0x22,0x05,0x00,0x31,
    0x0e,0x32,0x13,0x10,0x23,0x09,0x0e,0x04,0x31,0x13,0x21,0x0f,0x32,0x0e,0x04,0x23,
    0x15,0x0e,0x14,0x11,0x0d,0x11,0x0e,0x22,0x05,0x07,0x12,0x0f,0x04,0x31,0x09,0x21,
    0x05,0x23,0x0c,0x09,0x03,0x23,0x0d,0x02,0x09,0x22,0x0e,0x01,0x41,0x14,0x03,0x02,
    0x0f,0x0f,0x22,0x12,0x00,0x31,0x01,0x31,0x04,0x31,0x05,0x31,0x09,0x32,0x0e,0x0f,
    0x21,0x13,0x22,0x14,0x01,0x31,0x08,0x31,0x0f,0x32,0x15,0x0c,0x23,0x15,0x0e,0x04,
    0x11,0x10,0x13,0x12,0x09,0x14,0x23,0x0f,0x14,0x08,0x23,0x15,0x13,0x11,0x11,0x13,
    0x22,0x0f,0x12,0x11,0x14,0x21,0x0c,0x21,0x0f,0x21,0x12,0x15,0x15,0x06,0x06,0x05,
    0x12,0x22,0x07,0x01,0x22,0x0c,0x09,0x22,0x0d,0x09,0x21,0x0e,0x32,0x14,0x09,0x22,
    0x12,0x05,0x23,0x13,0x09,0x05,0x51,0x12,0x06,0x02,0x15,0x13,0x09,0x05,0x13,0x32,
    0x13,0x05,0x43,0x09,0x0e,0x07,0x31,0x14,0x22,0x14,0x01,0x33,0x05,0x04,0x00,0x32,
    0x09,0x0f,0x31,0x0f,0x33,0x14,0x05,0x04,0x11,0x16,0x11,0x17,0x12,0x19,0x00,0x21,
    0x13,0x02,0x03,0x01,0x23,0x02,0x09,0x0e,0x31,0x0c,0x22,0x03,0x08,0x23,0x04,0x05,
    0x0d,0x41,0x0e,0x21,0x07,0x21,0x08,0x23,0x0c,0x01,0x14,0x32,0x0c,0x01,0x42,0x09,
    0x0e,0x31,0x0f,0x22,0x0e,0x04,0x31,0x05,0x32,0x09,0x03,0x41,0x13,0x41,0x1a,0x32,
    0x14,0x19,0x31,0x19,0x05,0x03,0x01,0x10,0x05,0x12,0x23,0x12,0x0f,0x0d,0x24,0x13,
    0x14,0x05,0x12,0x42,0x09,0x07,0x31,0x19,0x23,0x14,0x01,0x13,0x31,0x08,0x32,0x09,
    0x16,0x23,0x16,0x01,0x0c,0x11,0x03,0x22,0x08,0x01,0x22,0x09,0x01,0x24,0x0f,0x0d,
    0x10,0x01,0x31,0x0e,0x32,0x15,0x14,0x12,0x05,0x00,0x22,0x04,0x00,0x32,0x05,0x0e,
    0x21,0x09,0x22,0x0c,0x00,0x31,0x0c,0x21,0x0e,0x31,0x03,0x31,0x05,0x31,0x09,0x31,
    0x14,0x21,0x10,0x23,0x12,0x01,0x0d,0x22,0x13,0x01,0x32,0x13,0x09,0x51,0x02,0x31,
    0x14,0x03,0x03,0x05,0x14,0x31,0x01,0x21,0x17,0x11,0x08,0x21,0x00,0x22,0x01,0x02,
    0x33,0x0e,0x09,0x03,0x51,0x13,0x21,0x05,0x32,0x01,0x10,0x31,0x04,0x32,0x0c,0x0f,
    0x32,0x0d,0x09,0x32,0x0e,0x05,0x32,0x12,0x00,0x41,0x13,0x24,0x09,0x05,0x16,0x0f,
    0x31,0x0e,0x42,0x05,0x00,0x52,0x13,0x13,0x41,0x09,0x31,0x0f,0x31,0x14,0x31,0x1a,
    0x21,0x0f,0x22,0x13,0x00,0x32,0x08,0x15,0x22,0x14,0x09,0x11,0x09,0x21,0x01,0x31,
    0x02,0x31,0x12,0x03,0x03,0x09,0x03,0x22,0x05,0x12,0x24,0x06,0x09,0x03,0x00,0x23,
    0x07,0x01,0x12,0x21,0x09,0x22,0x0c,0x01,0x31,0x09,0x21,0x0d,0x21,0x0e,0x31,0x01,
    0x41,0x14,0x32,0x05,0x0d,0x31,0x07,0x41,0x00,0x31,0x0f,0x31,0x11,0x22,0x0f,0x0e,
    0x22,0x10,0x05,0x31,0x08,0x32,0x09,0x03,0x23,0x13,0x14,0x01,0x41,0x09,0x21,0x14,
    0x32,0x09,0x1a,0x21,0x1a,0x11,0x0b,0x21,0x09,0x11,0x0c,0x22,0x01,0x12,0x44,0x01,
    0x14,0x09,0x0f,0x41,0x05,0x23,0x05,0x01,0x12,0x04,0x03,0x0c,0x05,0x0d,0x22,0x09,
    0x03,0x31,0x0d,0x21,0x19,0x11,0x0e,0x11,0x0f,0x22,0x01,0x07,0x21,0x05,0x21,0x07,
    0x31,0x12,0x21,0x09,0x32,0x0e,0x03,0x22,0x0c,0x09,0x31,0x0f,0x41,0x12,0x23,0x0d,
    0x05,0x12,0x22,0x0e,0x01,0x31,0x05,0x31,0x07,0x31,0x14,0x22,0x10,0x01,0x33,0x08,
    0x0f,0x0e,0x32,0x09,0x03,0x31,0x0c,0x22,0x12,0x02,0x32,0x0f,0x0e,0x22,0x13,0x05,
    0x24,0x15,0x13,0x14,0x09,0x21,0x16,0x31,0x05,0x22,0x17,0x01,0x22,0x1a,0x05,0x04,
    0x03,0x0f,0x1a,0x09,0x11,0x11,0x14,0x12,0x01,0x13,0x14,0x32,0x14,0x00,0x42,0x09,
    0x03,0x23,0x05,0x01,0x14,0x31,0x04,0x32,0x14,0x01,0x31,0x16,0x21,0x09,0x31,0x06,
    0x31,0x0e,0x31,0x13,0x32,0x14,0x09,0x51,0x05,0x24,0x0f,0x03,0x0f,0x04,0x33,0x05,
    0x03,0x0f,0x32,0x10,0x0c,0x41,0x0f,0x32,0x13,0x05,0x22,0x15,0x04,0x11,0x13,0x11,
    0x14,0x22,0x01,0x02,0x32,0x0e,0x07,0x41,0x14,0x21,0x05,0x31,0x12,0x23,0x09,0x03,
    0x15,0x32,0x0d,0x09,0x25,0x12,0x0f,0x0d,0x05,0x03,0x22,0x15,0x12,0x03,0x03,0x14,
    0x17,0x12,0x15,0x04,0x21,0x06,0x21,0x09,0x32,0x14,0x19,0x22,0x0c,0x09,0x33,0x14,
    0x09,0x13,0x41,0x15,0x22,0x0d,0x01,0x31,0x05,0x31,0x09,0x21,0x0e,0x22,0x10,0x09,
    0x31,0x19,0x23,0x12,0x01,0x02,0x43,0x0e,0x03,0x05,0x32,0x09,0x01,0x21,0x13,0x32,
    0x13,0x09,0x21,0x14,0x32,0x09,0x05,0x41,0x16,0x31,0x12,0x11,0x19,0x12,0x1a,0x05,
    0x02,0x04,0x01,0x21,0x00,0x21,0x02,0x22,0x03,0x08,0x21,0x06,0x21,0x07,0x24,0x0c,
    0x0f,0x0e,0x05,0x03,0x04,0x01,0x0d,0x22,0x0e,0x07,0x22,0x12,0x04,0x31,0x0b,0x31,
    0x19,0x21,0x14,0x32,0x01,0x02,0x32,0x09,0x16,0x31,0x0f,0x21,0x16,0x31,0x05,0x21,
    0x19,0x11,0x02,0x11,0x03,0x11,0x04,0x22,0x01,0x02,0x22,0x09,0x02,0x12,0x05,0x00,
    0x22,0x01,0x06,0x33,0x0c,0x13,0x00,0x23,0x02,0x09,0x14,0x32,0x0f,0x0e,0x23,0x03,
    0x01,0x0e,0x32,0x09,0x0c,0x33,0x0c,0x01,0x12,0x43,0x09,0x0e,0x01,0x32,0x0f,0x0d,
    0x21,0x04,0x22,0x05,0x00,0x26,0x06,0x09,0x0e,0x09,0x14,0x09,0x22,0x09,0x06,0x23,
    0x0c,0x09,0x05,0x05,0x04,0x05,0x0c,0x09,0x11,0x31,0x0f,0x21,0x0d,0x31,0x00,0x32,
    0x09,0x03,0x51,0x00,0x41,0x0c,0x33,0x0f,0x0e,0x13,0x41,0x12,0x41,0x13,0x21,0x0e,
    0x32,0x01,0x12,0x31,0x0f,0x33,0x14,0x09,0x06,0x31,0x15,0x21,0x10,0x31,0x01,0x31,
    0x09,0x31,0x15,0x21,0x11,0x22,0x12,0x08,0x31,0x0d,0x33,0x0e,0x09,0x1a,0x31,0x13,
    0x21,0x13,0x31,0x00,0x31,0x03,0x32,0x09,0x03,0x31,0x0f,0x32,0x14,0x09,0x41,0x12,
    0x31,0x15,0x03,0x04,0x05,0x14,0x32,0x09,0x03,0x31,0x0f,0x21,0x16,0x32,0x09,0x0c,
    0x21,0x19,0x11,0x06,0x12,0x07,0x01,0x22,0x05,0x14,0x21,0x09,0x21,0x19,0x11,0x08,
    0x12,0x09,0x00,0x21,0x01,0x31,0x02,0x24,0x03,0x01,0x09,0x04,0x41,0x0d,0x31,0x05,
    0x31,0x14,0x21,0x04,0x22,0x05,0x0e,0x21,0x06,0x33,0x06,0x12,0x01,0x22,0x07,0x05,
    0x24,0x0c,0x01,0x14,0x0f,0x25,0x0d,0x05,0x14,0x08,0x19,0x21,0x0e,0x31,0x01,0x32,
    0x05,0x00,0x31,0x09,0x41,0x1a,0x21,0x0f,0x04,0x04,0x09,0x0f,0x07,0x22,0x10,0x0c,
    0x21,0x12,0x31,0x05,0x41,0x0e,0x41,0x12,0x32,0x14,0x09,0x21,0x13,0x31,0x09,0x31,
    0x14,0x22,0x14,0x09,0x21,0x16,0x11,0x0a,0x11,0x0b,0x12,0x0c,0x01,0x22,0x05,0x00,
    0x32,0x01,0x04,0x31,0x04,0x32,0x13,0x00,0x41,0x13,0x22,0x09,0x05,0x21,0x0f,0x21,
    0x15,0x21,0x19,0x11,0x0d,0x11,0x0e,0x11,0x0f,0x21,0x00,0x22,0x04,0x05,0x21,0x05,
    0x21,0x06,0x21,0x07,0x04,0x04,0x0f,0x0c,0x01,0x31,0x09,0x32,0x0f,0x12,0x23,0x0d,
    0x09,0x1a,0x23,0x0e,0x01,0x14,0x31,0x09,0x22,0x0f,0x04,0x22,0x10,0x10,0x21,0x12,
    0x21,0x13,0x22,0x15,0x14,0x21,0x16,0x24,0x17,0x0f,0x12,0x04,0x21,0x18,0x11,0x10,
    0x11,0x12,0x24,0x01,0x07,0x0f,0x0e,0x31,0x09,0x21,0x05,0x32,0x01,0x12,0x31,0x0e,
    0x42,0x01,0x0c,0x22,0x09,0x02,0x33,0x06,0x14,0x01,0x31,0x0c,0x34,0x10,0x0c,0x05,
    0x07,0x24,0x0f,0x0d,0x05,0x04,0x31,0x10,0x31,0x17,0x24,0x15,0x10,0x0c,0x09,0x21,
    0x19,0x11,0x13,0x03,0x04,0x13,0x10,0x21,0x17,0x21,0x19,0x13,0x14,0x01,0x02,0x21,
    0x08,0x11,0x15,0x21,0x01,0x32,0x0c,0x00,0x21,0x03,0x31,0x01,0x32,0x05,0x12,0x32,
    0x14,0x00,0x41,0x13,0x22,0x05,0x0c,0x21,0x07,0x22,0x0c,0x05,0x23,0x0d,0x02,0x05,
    0x21,0x0e,0x24,0x0f,0x10,0x0f,0x0c,0x21,0x10,0x31,0x05,0x11,0x16,0x11,0x17,0x11,
    0x19,0x21,0x0e,0x22,0x13,0x05,0x31,0x10,0x03,0x05,0x01,0x02,0x22,0x03,0x14,0x21,
    0x04,0x32,0x09,0x05,0x22,0x07,0x05,0x05,0x05,0x01,0x07,0x05,0x12,0x21,0x0c,0x32,
    0x05,0x12,0x32,0x0f,0x15,0x23,0x0d,0x05,0x12,0x22,0x0e,0x04,0x33,0x09,0x05,0x13,
    0x22,0x12,0x01,0x31,0x03,0x32,0x05,0x13,0x32,0x09,0x03,0x41,0x0c,0x31,0x0b,0x31,
    0x14,0x41,0x05,0x22,0x13,0x10,0x31,0x13,0x31,0x14,0x21,0x14,0x32,0x05,0x0e,0x32,
    0x08,0x09,0x32,0x09,0x06,0x31,0x15,0x21,0x16,0x32,0x05,0x0e,0x31,0x09,0x31,0x0f,
    0x11,0x02,0x23,0x05,0x0c,0x00,0x41,0x13,0x31,0x0e,0x22,0x09,0x14,0x03,0x05,0x02,
    0x12,0x13,0x03,0x01,0x04,0x32,0x0e,0x03,0x22,0x03,0x01,0x21,0x05,0x33,0x13,0x13,
    0x01,0x23,0x08,0x01,0x13,0x21,0x09,0x31,0x02,0x35,0x06,0x09,0x03,0x01,0x14,0x51,
    0x05,0x41,0x19,0x31,0x0d,0x31,0x14,0x41,0x05,0x23,0x0c,0x01,0x0d,0x32,0x15,0x13,
    0x22,0x0f,0x0c,0x32,0x0d,0x0d,0x42,0x10,0x05,0x32,0x0e,0x03,0x31,0x12,0x41,0x01,
    0x41,0x0f,0x21,0x12,0x32,0x05,0x0d,0x23,0x14,0x01,0x0e,0x31,0x05,0x21,0x15,0x31,
    0x0c,0x41,0x01,0x12,0x04,0x01,0x03,0x05,0x04,0x04,0x22,0x05,0x12,0x31,0x13,0x22,
    0x07,0x0c,0x21,0x09,0x31,0x01,0x31,0x02,0x32,0x03,0x01,0x31,0x0d,0x31,0x14,0x31,
    0x1a,0x21,0x0f,0x31,0x0c,0x31,0x0e,0x22,0x12,0x09,0x22,0x15,0x0c,0x43,0x09,0x0e,
    0x07,0x41,0x0f,0x12,0x05,0x03,0x22,0x04,0x09,0x21,0x06,0x22,0x0c,0x09,0x31,0x19,
    0x21,0x0d,0x22,0x0e,0x01,0x21,0x10,0x21,0x13,0x31,0x14,0x22,0x14,0x19,0x21,0x18,
    0x11,0x06,0x23,0x05,0x12,0x05,0x03,0x05,0x06,0x06,0x22,0x09,0x03,0x41,0x09,0x31,
    0x0c,0x32,0x0e,0x05,0x43,0x09,0x14,0x05,0x31,0x14,0x24,0x0f,0x12,0x05,0x13,0x24,
    0x15,0x13,0x05,0x00,0x13,0x07,0x01,0x0c,0x22,0x05,0x12,0x22,0x09,0x02,0x31,0x03,
    0x32,0x0e,0x07,0x31,0x14,0x21,0x0e,0x22,0x0f,0x00,0x31,0x13,0x22,0x15,0x0c,0x31,
    0x12,0x21,0x19,0x11,0x08,0x22,0x05,0x12,0x11,0x09,0x21,0x03,0x21,0x04,0x21,0x07,
    0x31,0x0c,0x22,0x0d,0x02,0x22,0x0e,0x06,0x31,0x07,0x32,0x13,0x14,0x04,0x05,0x09,
    0x12,0x04,0x22,0x14,0x05,0x31,0x08,0x31,0x19,0x11,0x0a,0x22,0x15,0x04,0x41,0x09,
    0x13,0x0b,0x09,0x0e,0x22,0x0c,0x01,0x12,0x0c,0x01,0x31,0x00,0x31,0x03,0x32,0x0e,
    0x04,0x33,0x14,0x09,0x16,0x31,0x17,0x32,0x18,0x01,0x22,0x05,0x01,0x33,0x02,0x12,
    0x01,0x31,0x03,0x31,0x04,0x32,0x07,0x01,0x31,0x0e,0x31,0x12,0x31,0x13,0x21,0x06,
    0x21,0x09,0x32,0x02,0x05,0x32,0x03,0x00,0x41,0x01,0x32,0x05,0x12,0x33,0x07,0x09,
    0x02,0x31,0x0d,0x05,0x05,0x0c,0x09,0x0e,0x07,0x31,0x0f,0x31,0x13,0x41,0x08,0x33,
    0x14,0x09,0x13,0x31,0x16,0x22,0x0c,0x01,0x41,0x02,0x31,0x0f,0x22,0x0f,0x01,0x31,
    0x03,0x31,0x07,0x32,0x10,0x00,0x22,0x13,0x08,0x22,0x14,0x01,0x22,0x15,0x04,0x31,
    0x07,0x13,0x0d,0x01,0x03,0x31,0x07,0x31,0x0e,0x41,0x01,0x21,0x02,0x21,0x05,0x31,
    0x0c,0x31,0x14,0x23,0x09,0x03,0x01,0x31,0x05,0x33,0x07,0x12,0x01,0x31,0x0e,0x41,
    0x05,0x41,0x09,0x31,0x13,0x05,0x05,0x0d,0x09,0x13,0x08,0x41,0x13,0x31,0x1a,0x23,
    0x0e,0x09,0x1a,0x22,0x0f,0x07,0x33,0x0e,0x09,0x0f,0x22,0x10,0x09,0x22,0x15,0x0c,
    0x41,0x01,0x31,0x0e,0x21,0x19,0x14,0x0e,0x01,0x0d,0x0f,0x32,0x0e,0x14,0x24,0x03,
    0x08,0x05,0x12,0x23,0x04,0x09,0x03,0x41,0x18,0x22,0x05,0x01,0x31,0x05,0x31,0x0d,
    0x32,0x12,0x0f,0x32,0x13,0x09,0x41,0x14,0x32,0x14,0x12,0x31,0x17,0x23,0x09,0x03,
    0x13,0x31,0x05,0x31,0x0c,0x31,0x0f,0x32,0x13,0x08,0x31,0x14,0x31,0x15,0x31,0x1a,
    0x03,0x05,0x0e,0x0e,0x21,0x0f,0x31,0x07,0x31,0x13,0x31,0x16,0x22,0x13,0x17,0x24,
    0x14,0x01,0x07,0x05,0x33,0x08,0x05,0x13,0x22,0x15,0x01,0x31,0x06,0x22,0x19,0x00,
    0x21,0x1a,0x12,0x0f,0x06,0x21,0x07,0x33,0x12,0x01,0x10,0x21,0x09,0x21,0x0c,0x23,
    0x10,0x01,0x12,0x21,0x12,0x31,0x05,0x32,0x0f,0x0c,0x21,0x13,0x21,0x14,0x31,0x0f,
    0x22,0x15,0x14,0x21,0x17,0x12,0x10,0x01,0x31,0x09,0x32,0x0e,0x03,0x22,0x05,0x0c,
    0x32,0x0e,0x14,0x35,0x14,0x09,0x14,0x09,0x0f,0x04,0x05,0x10,0x08,0x05,0x25,0x09,
    0x0e,0x05,0x10,0x08,0x22,0x0c,0x09,0x21,0x0f,0x23,0x12,0x05,0x03,0x51,0x01,0x41,
    0x04,0x41,0x08,0x31,0x0f,0x41,0x02,0x22,0x13,0x08,0x23,0x14,0x09,0x02,0x22,0x15,
    0x14,0x41,0x01,0x11,0x11,0x23,0x15,0x09,0x0c,0x41,0x13,0x12,0x12,0x01,0x31,0x02,
    0x32,0x0e,0x04,0x31,0x12,0x33,0x14,0x09,0x00,0x21,0x02,0x31,0x0c,0x22,0x03,0x08,
    0x41,0x05,0x22,0x05,0x00,0x32,0x01,0x0c,0x32,0x03,0x0f,0x32,0x09,0x0e,0x32,0x0c,
    0x00,0x32,0x0d,0x0f,0x05,0x05,0x12,0x05,0x0e,0x01,0x42,0x03,0x05,0x41,0x05,0x41,
    0x14,0x31,0x11,0x32,0x13,0x13,0x41,0x14,0x31,0x14,0x21,0x08,0x21,0x09,0x31,0x01,
    0x42,0x0e,0x00,0x32,0x03,0x0b,0x32,0x05,0x0e,0x41,0x12,0x32,0x0e,0x05,0x31,0x0f,
    0x31,0x14,0x31,0x15,0x31,0x16,0x41,0x01,0x21,0x0d,0x23,0x0e,0x09,0x13,0x41,0x14,
    0x41,0x1a,0x31,0x0f,0x21,0x0f,0x31,0x02,0x31,0x03,0x31,0x12,0x31,0x15,0x21,0x13,
    0x05,0x05,0x12,0x13,0x05,0x14,0x23,0x14,0x05,0x12,0x31,0x0c,0x31,0x17,0x21,0x15,
    0x31,0x14,0x23,0x17,0x01,0x15,0x12,0x13,0x01,0x33,0x07,0x05,0x00,0x51,0x13,0x21,
    0x03,0x31,0x01,0x41,0x0e,0x31,0x12,0x31,0x15,0x21,0x05,0x31,0x03,0x41,0x12,0x32,
    0x0e,0x03,0x33,0x12,0x14,0x00,0x51,0x13,0x42,0x16,0x01,0x21,0x08,0x31,0x01,0x32,
    0x05,0x0e,0x21,0x09,0x31,0x03,0x31,0x04,0x42,0x05,0x0e,0x33,0x07,0x0e,0x01,0x31,
    0x0d,0x31,0x0e,0x06,0x05,0x13,0x09,0x13,0x14,0x05,0x31,0x15,0x23,0x0b,0x09,0x0e,
    0x22,0x0d,0x09,0x22,0x0f,0x0c,0x41,0x15,0x31,0x0e,0x41,0x01,0x21,0x10,0x33,0x01,
    0x03,0x09,0x32,0x05,0x12,0x33,0x09,0x12,0x01,0x32,0x12,0x05,0x21,0x13,0x32,0x09,
    0x02,0x23,0x14,0x01,0x0e,0x32,0x09,0x07,0x41,0x0d,0x31,0x0f,0x41,0x0e,0x31,0x12,
    0x41,0x0f,0x42,0x15,0x03,0x22,0x15,0x12,0x41,0x12,0x21,0x17,0x13,0x14,0x01,0x02,
    0x23,0x05,0x0e,0x04,0x31,0x0f,0x23,0x08,0x0f,0x04,0x35,0x19,0x0c,0x05,0x0e,0x05,
    0x22,0x09,0x03,0x05,0x05,0x14,0x09,0x04,0x05,0x31,0x0e,0x41,0x0f,0x31,0x12,0x33,
    0x14,0x09,0x0f,0x51,0x16,0x21,0x0e,0x23,0x0f,0x0e,0x01,0x22,0x12,0x01,0x31,0x05,
    0x32,0x09,0x03,0x41,0x06,0x32,0x0f,0x07,0x41,0x13,0x22,0x15,0x01,0x22,0x19,0x0d,
    0x21,0x1a,0x11,0x15,0x24,0x03,0x0c,0x09,0x04,0x21,0x0e,0x21,0x10,0x22,0x12,0x0f,
    0x21,0x13,0x22,0x14,0x05,0x32,0x09,0x0c,0x31,0x12,0x13,0x16,0x01,0x10,0x31,0x13,
    0x41,0x14,0x22,0x05,0x01,0x32,0x0c,0x0c,0x41,0x0f,0x05,0x05,0x16,0x05,0x0e,0x07,
    0x41,0x09,0x31,0x12,0x41,0x02,0x21,0x09,0x31,0x04,0x31,0x0c,0x31,0x0e,0x31,0x16,
    0x22,0x0f,0x03,0x21,0x15,0x12,0x17,0x01,0x31,0x07,0x22,0x05,0x05,0x21,0x08,0x22,
    0x09,0x0c,0x32,0x0e,0x07,0x31,0x14,0x12,0x18,0x10,0x12,0x19,0x03,0x22,0x05,0x00,
    0x21,0x13,0x02,0x06,0x01,0x22,0x02,0x0c,0x31,0x12,0x22,0x03,0x05,0x21,0x07,0x22,
    0x09,0x0e,0x23,0x0c,0x0c,0x05,0x22,0x0d,0x01,0x32,0x09,0x13,0x21,0x12,0x05,0x06,
    0x01,0x12,0x14,0x08,0x22,0x14,0x01,0x32,0x08,0x05,0x31,0x0f,0x23,0x15,0x0c,0x14,
    0x11,0x02,0x11,0x04,0x12,0x05,0x00,0x22,0x01,0x13,0x32,0x14,0x08,0x21,0x02,0x33,
    0x12,0x15,0x01,0x22,0x03,0x01,0x31,0x14,0x21,0x04,0x22,0x0c,0x09,0x22,0x0d,0x0f,
    0x22,0x0e,0x04,0x41,0x05,0x21,0x12,0x33,0x0d,0x09,0x0f,0x31,0x12,0x21,0x16,0x11,
    0x06,0x22,0x05,0x13,0x22,0x09,0x05,0x32,0x0e,0x00,0x31,0x13,0x22,0x0c,0x19,0x21,
    0x19,0x11,0x08,0x11,0x09,0x03,0x06,0x09,0x01,0x22,0x03,0x00,0x32,0x01,0x0c,0x41,
    0x0e,0x42,0x14,0x05,0x32,0x05,0x0e,0x41,0x12,0x31,0x08,0x31,0x09,0x41,0x01,0x41,
    0x05,0x31,0x13,0x31,0x15,0x23,0x04,0x05,0x0c,0x23,0x07,0x08,0x14,0x22,0x0c,0x09,
    0x33,0x0c,0x09,0x0e,0x31,0x19,0x21,0x0e,0x31,0x01,0x31,0x04,0x31,0x05,0x31,0x07,
    0x31,0x0e,0x23,0x13,0x14,0x09,0x25,0x14,0x14,0x05,0x04,0x00,0x11,0x0c,0x24,0x01,
    0x07,0x05,0x0c,0x23,0x05,0x13,0x13,0x22,0x09,0x0e,0x23,0x0f,0x12,0x05,0x34,0x17,
    0x05,0x12,0x00,0x05,0x06,0x0c,0x15,0x0f,0x12,0x21,0x19,0x11,0x0d,0x11,0x0e,0x11,
    0x0f,0x21,0x0e,0x32,0x04,0x05,0x31,0x14,0x21,0x12,0x32,0x01,0x14,0x41,0x19,0x32,
    0x05,0x14,0x31,0x09,0x32,0x14,0x01,0x21,0x13,0x11,0x10,0x13,0x12,0x01,0x14,0x22,
    0x05,0x01,0x32,0x13,0x03,0x21,0x09,0x31,0x0c,0x22,0x0f,0x0c,0x11,0x13,0x11,0x14,
    0x21,0x0f,0x21,0x19,0x11,0x15,0x22,0x05,0x0c,0x21,0x07,0x23,0x0d,0x09,0x0e,0x22,
    0x0e,0x05,0x22,0x12,0x09,0x04,0x06,0x15,0x13,0x09,0x31,0x13,0x22,0x14,0x01,0x11,
    0x19,0x02,0x07,0x01,0x21,0x06,0x22,0x0c,0x00,0x31,0x09,0x31,0x0f,0x21,0x0d,0x32,
    0x05,0x14,0x31,0x0f,0x23,0x0e,0x09,0x13,0x41,0x1a,0x51,0x01,0x31,0x0f,0x22,0x12,
    0x0e,0x22,0x13,0x13,0x22,0x14,0x08,0x32,0x09,0x16,0x21,0x1a,0x11,0x02,0x11,0x04,
    0x12,0x05,0x00,0x21,0x04,0x22,0x05,0x1a,0x23,0x0c,0x09,0x0e,0x41,0x13,0x41,0x1a,
    0x31,0x19,0x21,0x0e,0x32,0x01,0x14,0x06,0x07,0x05,0x0e,0x03,0x19,0x00,0x32,0x09,
    0x1a,0x31,0x0f,0x31,0x19,0x21,0x0f,0x31,0x04,0x31,0x0d,0x22,0x12,0x19,0x22,0x13,
    0x09,0x22,0x14,0x08,0x33,0x09,0x03,0x00,0x31,0x0f,0x31,0x19,0x21,0x16,0x11,0x07,
    0x21,0x05,0x31,0x12,0x22,0x0c,0x15,0x21,0x0f,0x13,0x08,0x09,0x0e,0x23,0x0f,0x15,
    0x14,0x22,0x14,0x0f,0x32,0x17,0x05,0x12,0x09,0x00,0x21,0x01,0x31,0x12,0x21,0x03,
    0x32,0x09,0x01,0x31,0x0f,0x22,0x05,0x0e,0x32,0x13,0x00,0x21,0x0c,0x05,0x07,0x09,
    0x0d,0x05,0x0e,0x22,0x0e,0x00,0x32,0x07,0x05,0x31,0x13,0x21,0x0f,0x21,0x12,0x31,
    0x0c,0x22,0x13,0x0c,0x21,0x15,0x21,0x16,0x21,0x1a,0x11,0x0c,0x21,0x01,0x32,0x04,
    0x09,0x31,0x13,0x21,0x05,0x32,0x01,0x04,0x22,0x09,0x02,0x31,0x07,0x32,0x13,0x08,
    0x21,0x0f,0x33,0x02,0x09,0x0e,0x31,0x12,0x11,0x0d,0x21,0x19,0x12,0x0e,0x01,0x31,
    0x00,0x31,0x03,0x25,0x05,0x14,0x09,0x13,0x0d,0x41,0x14,0x21,0x09,0x31,0x0e,0x04,
    0x07,0x0e,0x09,0x0f,0x21,0x0f,0x32,0x0d,0x0f,0x31,0x0e,0x32,0x12,0x00,0x43,0x05,
    0x13,0x10,0x11,0x0f,0x21,0x00,0x21,0x02,0x21,0x05,0x21,0x07,0x22,0x09,0x13,0x21,
    0x0e,0x31,0x01,0x32,0x04,0x0f,0x31,0x09,0x42,0x1a,0x01,0x21,0x0f,0x23,0x12,0x09,
    0x1a,0x32,0x0f,0x15,0x22,0x13,0x00,0x21,0x16,0x11,0x10,0x11,0x12,0x23,0x01,0x04,
    0x01,0x31,0x09,0x31,0x0e,0x33,0x10,0x08,0x00,0x52,0x05,0x12,0x71,0x00,0x52,0x09,
    0x03,0x51,0x19,0x04,0x07,0x12,0x01,0x19,0x22,0x05,0x0e,0x33,0x13,0x13,0x00,0x23,
    0x09,0x05,0x16,0x31,0x14,0x21,0x0f,0x22,0x15,0x06,0x11,0x13,0x22,0x14,0x05,0x12,
    0x14,0x08,0x12,0x15,0x01,0x32,0x12,0x04,0x21,0x05,0x22,0x09,0x14,0x21,0x0e,0x21,
    0x13,0x21,0x14,0x32,0x01,0x0e,0x11,0x17,0x11,0x19,0x21,0x0e,0x22,0x12,0x01,0x04,
    0x08,0x01,0x02,0x0c,0x22,0x03,0x08,0x22,0x05,0x0d,0x31,0x14,0x22,0x07,0x15,0x23,
    0x09,0x12,0x13,0x22,0x0c,0x01,0x41,0x0d,0x21,0x0d,0x23,0x0e,0x03,0x09,0x05,0x08,
    0x01,0x0e,0x03,0x19,0x32,0x04,0x00,0x31,0x07,0x42,0x05,0x12,0x41,0x0f,0x32,0x09,
    0x1a,0x31,0x0b,0x32,0x14,0x05,0x24,0x10,0x01,0x12,0x12,0x31,0x0c,0x31,0x14,0x23,
    0x12,0x01,0x0e,0x41,0x13,0x31,0x04,0x41,0x05,0x32,0x0c,0x05,0x33,0x10,0x05,0x0e,
    0x33,0x14,0x05,0x12,0x22,0x13,0x13,0x23,0x14,0x03,0x08,0x22,0x15,0x0e,0x21,0x1a,
    0x31,0x01,0x11,0x02,0x13,0x05,0x01,0x04,0x31,0x12,0x23,0x03,0x01,0x0e,0x41,0x14,
    0x21,0x04,0x31,0x0f,0x22,0x0c,0x09,0x33,0x0c,0x09,0x13,0x05,0x08,0x05,0x0c,0x0c,
    0x19,0x31,0x0f,0x22,0x0d,0x10,0x21,0x0e,0x31,0x01,0x41,0x14,0x22,0x0f,0x12,0x21,
    0x10,0x22,0x12,0x01,0x41,0x10,0x32,0x02,0x01,0x32,0x05,0x01,0x31,0x0e,0x32,0x0f,
    0x15,0x31,0x19,0x21,0x13,0x31,0x10,0x21,0x14,0x32,0x05,0x04,0x21,0x15,0x22,0x18,
    0x01,0x11,0x06,0x11,0x08,0x13,0x09,0x01,0x0e,0x22,0x03,0x0f,0x22,0x07,0x08,0x21,
    0x0c,0x23,0x0d,0x05,0x12,0x22,0x0e,0x01,0x23,0x0f,0x0e,0x05,0x21,0x10,0x33,0x05,
    0x0c,0x01,0x04,0x08,0x09,0x12,0x0c,0x31,0x0f,0x31,0x10,0x31,0x12,0x23,0x13,0x05,
    0x0c,0x31,0x13,0x25,0x14,0x05,0x13,0x09,0x04,0x33,0x08,0x05,0x12,0x21,0x16,0x11,
    0x0b,0x11,0x0c,0x22,0x01,0x0e,0x21,0x0f,0x32,0x12,0x09,0x11,0x0d,0x22,0x05,0x14,
    0x11,0x0e,0x23,0x01,0x15,0x1a,0x14,0x0f,0x04,0x09,0x1a,0x31,0x13,0x21,0x07,0x31,
    0x05,0x23,0x0c,0x01,0x12,0x31,0x05,0x22,0x0d,0x01,0x31,0x05,0x22,0x0e,0x01,0x31,
    0x19,0x22,0x0f,0x04,0x31,0x0e,0x23,0x12,0x01,0x14,0x33,0x09,0x03,0x00,0x05,0x08,
    0x0f,0x12,0x09,0x13,0x32,0x14,0x05,0x31,0x15,0x22,0x13,0x05,0x41,0x0e,0x31,0x10,
    0x22,0x15,0x13,0x41,0x05,0x23,0x16,0x05,0x0c,0x11,0x10,0x11,0x12,0x22,0x05,0x05,
    0x24,0x0f,0x0e,0x09,0x1a,0x32,0x10,0x0f,0x11,0x13,0x21,0x08,0x13,0x14,0x01,0x12,
    0x22,0x05,0x0e,0x32,0x0f,0x15,0x31,0x13,0x21,0x19,0x12,0x15,0x07,0x23,0x0d,0x09,
    0x0e,0x23,0x0e,0x0b,0x05,0x31,0x14,0x22,0x13,0x14,0x21,0x14,0x11,0x17,0x23,0x01,
    0x12,0x14,0x13,0x19,0x10,0x05,0x31,0x08,0x34,0x0f,0x14,0x08,0x01,0x03,0x08,0x19,
    0x13,0x02,0x09,0x01,0x21,0x0c,0x21,0x0d,0x33,0x05,0x14,0x05,0x21,0x0e,0x31,0x03,
    0x31,0x09,0x31,0x14,0x22,0x10,0x05,0x22,0x13,0x13,0x23,0x14,0x09,0x16,0x33,0x12,
    0x09,0x03,0x31,0x15,0x12,0x02,0x05,0x32,0x12,0x01,0x41,0x14,0x22,0x09,0x01,0x31,
    0x0e,0x32,0x14,0x00,0x41,0x05,0x21,0x0c,0x31,0x09,0x21,0x0f,0x21,0x12,0x31,0x09,
    0x22,0x15,0x0e,0x13,0x03,0x01,0x0d,0x31,0x10,0x31,0x12,0x41,0x00,0x41,0x01,0x04,
    0x09,0x03,0x01,0x13,0x31,0x19,0x22,0x03,0x15,0x22,0x05,0x0f,0x21,0x08,0x21,0x09,
    0x31,0x04,0x32,0x0e,0x01,0x31,0x10,0x41,0x01,0x22,0x0c,0x19,0x22,0x0f,0x03,0x21,
    0x12,0x31,0x01,0x31,0x19,0x22,0x14,0x05,0x31,0x15,0x41,0x01,0x23,0x15,0x0c,0x01,
    0x31,0x0d,0x31,0x0f,0x31,0x12,0x11,0x04,0x22,0x01,0x09,0x32,0x0e,0x03,0x21,0x04,
    0x23,0x05,0x01,0x0c,0x31,0x13,0x21,0x09,0x32,0x01,0x0e,0x41,0x12,0x31,0x05,0x04,
    0x09,0x04,0x09,0x0f,0x41,0x13,0x41,0x15,0x31,0x14,0x31,0x15,0x22,0x0c,0x05,0x22,
    0x0f,0x0d,0x31,0x17,0x21,0x12,0x21,0x15,0x31,0x0f,0x11,0x05,0x22,0x04,0x05,0x22,
    0x07,0x01,0x22,0x0c,0x04,0x22,0x0e,0x01,0x31,0x05,0x31,0x0e,0x32,0x14,0x09,0x22,
    0x12,0x00,0x22,0x13,0x03,0x31,0x14,0x21,0x14,0x12,0x06,0x00,0x24,0x01,0x03,0x05,
    0x14,0x23,0x05,0x12,0x0f,0x23,0x06,0x05,0x0e,0x31,0x12,0x23,0x09,0x03,0x00,0x31,
    0x05,0x21,0x0c,0x21,0x14,0x02,0x09,0x07,0x22,0x01,0x02,0x23,0x05,0x12,0x01,0x23,
    0x08,0x14,0x09,0x21,0x09,0x31,0x02,0x31,0x0c,0x31,0x0e,0x31,0x14,0x21,0x0c,0x23,
    0x0e,0x09,0x14,0x52,0x05,0x12,0x21,0x0f,0x31,0x12,0x31,0x14,0x22,0x12,0x05,0x22,
    0x15,0x09,0x31,0x12,0x11,0x08,0x11,0x09,0x11,0x0a,0x21,0x0b,0x11,0x0b,0x12,0x0c,
    0x01,0x31,0x02,0x32,0x04,0x05,0x31,0x0d,0x32,0x12,0x01,0x22,0x05,0x07,0x31,0x12,
    0x31,0x16,0x21,0x06,0x03,0x09,0x0c,0x09,0x31,0x01,0x31,0x02,0x31,0x0f,0x32,0x13,
    0x14,0x31,0x14,0x31,0x1a,0x23,0x0c,0x01,0x02,0x21,0x0e,0x22,0x0f,0x11,0x22,0x14,
    0x19,0x22,0x15,0x12,0x21,0x16,0x13,0x0d,0x01,0x07,0x41,0x05,0x32,0x12,0x19,0x25,
    0x05,0x0e,0x14,0x01,0x12,0x31,0x14,0x21,0x09,0x32,0x04,0x01,0x32,0x0c,0x05,0x32,
    0x0e,0x09,0x31,0x14,0x22,0x0e,0x09,0x22,0x0f,0x0e,0x24,0x10,0x05,0x04,0x01,0x21,
    0x15,0x32,0x0c,0x01,0x12,0x0e,0x00,0x22,0x01,0x15,0x31,0x16,0x23,0x03,0x05,0x0c,
    0x05,0x09,0x0e,0x03,0x05,0x12,0x21,0x04,0x34,0x0c,0x09,0x0e,0x07,0x21,0x05,0x31,
    0x05,0x33,0x12,0x01,0x12,0x32,0x13,0x13,0x24,0x06,0x12,0x01,0x13,0x22,0x07,0x01,
    0x31,0x05,0x41,0x0e,0x31,0x09,0x34,0x0c,0x09,0x0e,0x07,0x31,0x0f,0x31,0x15,0x21,
    0x09,0x31,0x00,0x31,0x01,0x31,0x0f,0x31,0x13,0x33,0x14,0x05,0x00,0x53,0x0c,0x19,
    0x00,0x42,0x09,0x0f,0x41,0x19,0x21,0x0b,0x21,0x0c,0x21,0x0e,0x21,0x0f,0x31,0x03,
    0x31,0x13,0x31,0x14,0x21,0x13,0x04,0x09,0x0e,0x13,0x05,0x33,0x15,0x12,0x01,0x22,
    0x14,0x00,0x31,0x08,0x21,0x15,0x31,0x13,0x21,0x19,0x11,0x0f,0x21,0x00,0x22,0x07,
    0x05,0x31,0x12,0x21,0x0c,0x21,0x0d,0x23,0x0e,0x01,0x14,0x33,0x05,0x12,0x19,0x31,
    0x09,0x22,0x10,0x08,0x22,0x12,0x09,0x21,0x13,0x22,0x14,0x08,0x31,0x09,0x31,0x0f,
    0x22,0x15,0x12,0x11,0x10,0x21,0x05,0x24,0x08,0x12,0x01,0x13,0x21,0x09,0x31,0x03,
    0x22,0x12,0x05,0x22,0x15,0x0c,0x13,0x11,0x15,0x01,0x32,0x05,0x06,0x05,0x09,0x11,
    0x15,0x09,0x04,0x41,0x14,0x11,0x12,0x21,0x01,0x31,0x02,0x31,0x03,0x22,0x04,0x05,
    0x23,0x05,0x04,0x05,0x31,0x06,0x31,0x0c,0x31,0x13,0x22,0x07,0x09,0x21,0x09,0x32,
    0x04,0x05,0x31,0x13,0x32,0x14,0x15,0x31,0x1a,0x23,0x0d,0x09,0x0e,0x22,0x0f,0x07,
    0x32,0x0e,0x00,0x25,0x12,0x05,0x16,0x0f,0x03,0x22,0x15,0x0c,0x12,0x13,0x00,0x22,
    0x01,0x07,0x31,0x12,0x31,0x13,0x21,0x03,0x31,0x08,0x21,0x05,0x31,0x12,0x21,0x06,
    0x23,0x08,0x01,0x0e,0x05,0x09,0x13,0x08,0x0f,0x0e,0x41,0x10,0x22,0x09,0x02,0x31,
    0x04,0x31,0x13,0x33,0x14,0x09,0x16,0x21,0x0b,0x23,0x0c,0x01,0x0e,0x22,0x0d,0x13,
    0x21,0x0f,0x33,0x0d,0x05,0x12,0x21,0x10,0x31,0x09,0x31,0x19,0x21,0x13,0x32,0x01,
    0x0c,0x32,0x05,0x0e,0x41,0x13,0x23,0x14,0x01,0x00,0x31,0x05,0x31,0x09,0x32,0x0c,
    0x19,0x33,0x12,0x01,0x0c,0x21,0x15,0x31,0x13,0x13,0x14,0x01,0x00,0x32,0x02,0x09,
    0x31,0x07,0x31,0x0d,0x31,0x0e,0x31,0x14,0x21,0x05,0x05,0x09,0x14,0x05,0x12,0x01,
    0x41,0x09,0x31,0x13,0x43,0x09,0x0d,0x01,0x21,0x08,0x32,0x09,0x0c,0x21,0x09,0x31,
    0x01,0x31,0x03,0x41,0x01,0x41,0x0b,0x31,0x07,0x32,0x0c,0x0c,0x31,0x0d,0x35,0x0e,
    0x05,0x12,0x01,0x12,0x31,0x0f,0x31,0x13,0x41,0x0d,0x22,0x0f,0x0d,0x31,0x0e,0x23,
    0x12,0x01,0x0d,0x31,0x19,0x21,0x14,0x23,0x15,0x01,0x14,0x31,0x04,0x31,0x0c,0x22,
    0x1a,0x00,0x11,0x15,0x11,0x16,0x23,0x05,0x0c,0x0c,0x32,0x0e,0x00,0x32,0x12,0x00,
    0x06,0x09,0x16,0x05,0x12,0x13,0x00,0x23,0x09,0x0c,0x00,0x31,0x0f,0x31,0x14,0x23,
    0x0f,0x12,0x05,0x41,0x0f,0x31,0x14,0x11,0x17,0x12,0x18,0x0f,0x11,0x19,0x13,0x1a,
    0x01,0x12,0x21,0x09,0x23,0x0f,0x0e,0x14,0x02,0x0a,0x01,0x22,0x03,0x11,0x23,0x0e,
    0x15,0x01,0x21,0x10,0x34,0x01,0x0e,0x05,0x13,0x11,0x05,0x23,0x12,0x05,0x0d,0x31,
    0x13,0x24,0x13,0x14,0x09,0x05,0x41,0x19,0x21,0x17,0x12,0x0f,0x10,0x13,0x15,0x04,
    0x07,0x03,0x0b,0x01,0x00,0x21,0x02,0x21,0x07,0x22,0x09,0x13,0x21,0x0c,0x11,0x02,
    0x03,0x0b,0x05,0x04,0x21,0x05,0x21,0x07,0x22,0x0c,0x09,0x42,0x0e,0x07,0x22,0x0e,
    0x04,0x21,0x12,0x21,0x13,0x32,0x14,0x00,0x22,0x14,0x19,0x11,0x06,0x11,0x08,0x11,
    0x09,0x21,0x00,0x21,0x03,0x22,0x0c,0x0c,0x31,0x0f,0x21,0x0d,0x22,0x0e,0x00,0x32,
    0x04,0x05,0x33,0x05,0x13,0x13,0x43,0x14,0x09,0x03,0x31,0x07,0x21,0x10,0x21,0x13,
    0x31,0x08,0x11,0x0b,0x11,0x0c,0x22,0x05,0x19,0x21,0x19,0x11,0x0d,0x13,0x0e,0x05,
    0x13,0x03,0x0b,0x0e,0x0f,0x12,0x0f,0x12,0x22,0x13,0x08,0x21,0x15,0x24,0x16,0x09,
    0x01,0x0e,0x13,0x12,0x0f,0x0e,0x11,0x13,0x21,0x03,0x22,0x08,0x01,0x21,0x0c,0x21,
    0x19,0x11,0x14,0x11,0x17,0x05,0x0c,0x01,0x02,0x09,0x03,0x31,0x0f,0x22,0x03,0x09,
    0x41,0x05,0x22,0x04,0x05,0x31,0x19,0x22,0x07,0x0e,0x25,0x09,0x0e,0x05,0x13,0x13,
    0x22,0x0d,0x0f,0x22,0x0e,0x04,0x41,0x0c,0x32,0x05,0x14,0x32,0x14,0x05,0x24,0x12,
    0x03,0x05,0x0e,0x31,0x07,0x31,0x09,0x22,0x13,0x05,0x23,0x14,0x01,0x0e,0x33,0x05,
    0x0c,0x09,0x05,0x0c,0x01,0x14,0x09,0x16,0x21,0x16,0x31,0x01,0x11,0x02,0x22,0x09,
    0x0e,0x11,0x03,0x21,0x05,0x23,0x08,0x01,0x09,0x33,0x09,0x0c,0x04,0x21,0x09,0x11,
    0x04,0x21,0x05,0x32,0x12,0x05,0x41,0x09,0x21,0x09,0x31,0x13,0x21,0x12,0x31,0x09,
    0x12,0x05,0x01,0x34,0x04,0x05,0x12,0x00,0x32,0x13,0x01,0x22,0x02,0x09,0x24,0x03,
    0x14,0x01,0x02,0x22,0x06,0x14,0x22,0x07,0x00,0x35,0x05,0x0e,0x04,0x12,0x05,0x31,
    0x07,0x23,0x0d,0x01,0x14,0x52,0x09,0x03,0x22,0x0e,0x00,0x31,0x03,0x32,0x05,0x00,
    0x06,0x0c,0x05,0x0e,0x0f,0x09,0x04,0x31,0x14,0x22,0x10,0x08,0x31,0x12,0x23,0x12,
    0x01,0x02,0x31,0x05,0x31,0x07,0x31,0x09,0x31,0x0f,0x21,0x13,0x32,0x03,0x0f,0x31,
    0x11,0x31,0x13,0x41,0x00,0x22,0x16,0x01,0x33,0x05,0x12,0x00,0x51,0x01,0x51,0x13,
    0x21,0x19,0x31,0x05,0x11,0x06,0x21,0x12,0x11,0x07,0x21,0x01,0x31,0x12,0x22,0x05,
    0x13,0x21,0x0f,0x11,0x08,0x13,0x09,0x01,0x07,0x31,0x0d,0x33,0x12,0x09,0x1a,0x31,
    0x13,0x05,0x0c,0x09,0x01,0x14,0x0f,0x22,0x02,0x09,0x23,0x03,0x09,0x0f,0x32,0x0f,
    0x12,0x31,0x13,0x32,0x14,0x00,0x31,0x15,0x31,0x19,0x22,0x04,0x01,0x32,0x05,0x12,
    0x31,0x09,0x23,0x06,0x05,0x12,0x31,0x06,0x31,0x0c,0x24,0x07,0x01,0x14,0x05,0x31,
    0x08,0x32,0x12,0x01,0x21,0x0b,0x21,0x0c,0x23,0x0d,0x02,0x0c,0x31,0x09,0x31,0x0f,
    0x31,0x10,0x22,0x0e,0x01,0x31,0x05,0x41,0x01,0x31,0x09,0x33,0x0b,0x05,0x12,0x22,
    0x0f,0x07,0x21,0x11,0x22,0x13,0x10,0x21,0x14,0x04,0x0c,0x09,0x14,0x00,0x33,0x08,
    0x0f,0x07,0x33,0x09,0x03,0x01,0x51,0x13,0x23,0x16,0x05,0x12,0x21,0x1a,0x11,0x0a,
    0x12,0x0b,0x01,0x31,0x0c,0x31,0x14,0x11,0x0c,0x22,0x01,0x17,0x21,0x05,0x31,0x01,
    0x31,0x03,0x31,0x07,0x31,0x0c,0x31,0x0e,0x31,0x14,0x22,0x06,0x0c,0x21,0x09,0x31,
    0x0e,0x41,0x01,0x32,0x13,0x08,0x21,0x0f,0x33,0x11,0x15,0x09,0x32,0x15,0x14,0x31,
    0x17,0x11,0x0d,0x22,0x05,0x14,0x23,0x09,0x0e,0x07,0x22,0x0f,0x04,0x04,0x0c,0x0d,
    0x0f,0x0e,0x43,0x05,0x0c,0x0c,0x11,0x0e,0x12,0x0f,0x00,0x25,0x01,0x04,0x05,0x04,
    0x00,0x52,0x12,0x00,0x23,0x02,0x01,0x0c,0x33,0x0f,0x14,0x0f,0x22,0x03,0x09,0x21,
    0x06,0x24,0x07,0x05,0x13,0x00,0x32,0x09,0x03,0x31,0x0f,0x31,0x15,0x23,0x0d,0x05,
    0x12,0x22,0x0e,0x07,0x31,0x09,0x41,0x1a,0x22,0x0f,0x04,0x23,0x10,0x05,0x00,0x31,
    0x09,0x31,0x0d,0x22,0x12,0x01,0x42,0x14,0x0f,0x32,0x09,0x05,0x32,0x0f,0x15,0x22,
    0x13,0x00,0x32,0x05,0x14,0x35,0x0f,0x10,0x08,0x09,0x1a,0x61,0x19,0x31,0x14,0x22,
    0x14,0x01,0x05,0x0c,0x0f,0x15,0x0e,0x04,0x31,0x14,0x21,0x16,0x11,0x10,0x22,0x01,
    0x02,0x22,0x08,0x01,0x31,0x09,0x23,0x09,0x0e,0x07,0x31,0x14,0x21,0x0c,0x21,0x12,
    0x11,0x12,0x11,0x13,0x21,0x03,0x21,0x05,0x22,0x09,0x05,0x11,0x14,0x22,0x01,0x07,
    0x32,0x0e,0x05,0x21,0x05,0x31,0x01,0x31,0x0e,0x32,0x12,0x01,0x22,0x08,0x09,0x42,
    0x0c,0x19,0x24,0x09,0x05,0x13,0x00,0x31,0x13,0x21,0x12,0x21,0x15,0x32,0x12,0x01,
    0x12,0x15,0x01,0x22,0x02,0x12,0x04,0x0c,0x15,0x03,0x08,0x31,0x09,0x22,0x05,0x0e,
    0x31,0x10,0x21,0x06,0x22,0x09,0x04,0x22,0x0d,0x01,0x34,0x02,0x09,0x01,0x00,0x31,
    0x09,0x32,0x0e,0x00,0x42,0x09,0x01,0x24,0x0e,0x0b,0x05,0x12,0x21,0x0f,0x31,0x12,
    0x21,0x10,0x22,0x13,0x13,0x32,0x14,0x05,0x21,0x14,0x13,0x16,0x05,0x0e,0x31,0x14,
    0x11,0x17,0x11,0x19,0x21,0x01,0x21,0x02,0x24,0x07,0x01,0x0d,0x09,0x22,0x0d,0x05,
    0x22,0x0e,0x0f,0x21,0x13,0x31,0x05,0x33,0x14,0x19,0x12,0x02,0x0d,0x01,0x21,0x02,
    0x04,0x0d,0x01,0x03,0x01,0x34,0x08,0x09,0x0e,0x05,0x31,0x0c,0x23,0x07,0x09,0x0e,
    0x31,0x0e,0x21,0x08,0x22,0x09,0x04,0x23,0x0c,0x01,0x10,0x31,0x04,0x32,0x09,0x07,
    0x41,0x0e,0x32,0x0c,0x09,0x32,0x14,0x19,0x22,0x0e,0x00,0x32,0x09,0x01,0x41,0x13,
    0x41,0x1a,0x33,0x15,0x13,0x03,0x21,0x10,0x33,0x08,0x12,0x0f,0x24,0x12,0x07,0x09,
    0x0e,0x34,0x09,0x0e,0x05,0x00,0x41,0x1a,0x32,0x0c,0x19,0x31,0x16,0x23,0x13,0x03,
    0x05,0x31,0x05,0x31,0x14,0x22,0x14,0x05,0x31,0x08,0x32,0x09,0x13,0x42,0x1a,0x01,
    0x02,0x0d,0x02,0x22,0x01,0x14,0x22,0x09,0x0c,0x32,0x0e,0x07,0x31,0x16,0x11,0x03,
    0x12,0x05,0x00,0x21,0x04,0x31,0x00,0x32,0x09,0x01,0x41,0x03,0x52,0x09,0x0e,0x41,
    0x05,0x42,0x0f,0x03,0x31,0x19,0x21,0x07,0x33,0x12,0x01,0x0e,0x23,0x0c,0x0f,0x0e,
    0x31,0x14,0x21,0x0d,0x31,0x0f,0x21,0x0e,0x31,0x00,0x31,0x01,0x41,0x03,0x32,0x04,
    0x05,0x31,0x05,0x31,0x09,0x31,0x13,0x41,0x15,0x31,0x14,0x41,0x05,0x04,0x0d,0x05,
    0x0f,0x0e,0x23,0x12,0x13,0x01,0x21,0x13,0x32,0x14,0x09,0x22,0x14,0x01,0x41,0x0c,
    0x31,0x05,0x32,0x08,0x09,0x31,0x12,0x42,0x09,0x03,0x51,0x05,0x41,0x19,0x21,0x16,
    0x11,0x06,0x11,0x08,0x12,0x09,0x00,0x21,0x01,0x22,0x04,0x01,0x41,0x02,0x31,0x07,
    0x21,0x07,0x23,0x0c,0x09,0x01,0x41,0x05,0x42,0x14,0x01,0x31,0x0c,0x42,0x01,0x07,
    0x43,0x09,0x0c,0x09,0x22,0x0e,0x01,0x31,0x04,0x32,0x05,0x05,0x32,0x07,0x0c,0x51,
    0x09,0x06,0x0d,0x09,0x0e,0x07,0x0c,0x19,0x33,0x09,0x13,0x00,0x31,0x14,0x31,0x15,
    0x43,0x14,0x05,0x12,0x62,0x13,0x14,0x22,0x0f,0x14,0x21,0x13,0x33,0x05,0x12,0x00,
    0x31,0x0c,0x32,0x14,0x09,0x42,0x12,0x19,0x22,0x14,0x08,0x21,0x1a,0x11,0x0b,0x11,
    0x0c,0x11,0x0d,0x22,0x01,0x02,0x32,0x12,0x19,0x11,0x0e,0x21,0x01,0x22,0x09,0x0e,
    0x21,0x0f,0x11,0x0f,0x22,0x03,0x12,0x42,0x01,0x14,0x62,0x09,0x1a,0x21,0x04,0x24,
    0x05,0x0c,0x01,0x13,0x22,0x07,0x0f,0x22,0x09,0x13,0x41,0x05,0x03,0x0d,0x0f,0x0b,
    0x23,0x0c,0x05,0x03,0x42,0x13,0x14,0x22,0x0d,0x05,0x23,0x0e,0x05,0x14,0x42,0x19,
    0x0c,0x32,0x07,0x05,0x32,0x09,0x01,0x42,0x13,0x0d,0x51,0x14,0x41,0x1a,0x33,0x0f,
    0x03,0x08,0x42,0x05,0x0e,0x41,0x0c,0x41,0x13,0x32,0x19,0x00,0x21,0x12,0x32,0x01,
    0x00,0x34,0x0f,0x0e,0x09,0x13,0x21,0x13,0x32,0x05,0x19,0x31,0x10,0x22,0x14,0x08,
    0x42,0x05,0x14,0x22,0x15,0x06,0x31,0x13,0x42,0x09,0x0e,0x21,0x16,0x11,0x10,0x23,
    0x01,0x12,0x01,0x51,0x02,0x41,0x09,0x04,0x0d,0x10,0x05,0x14,0x23,0x08,0x01,0x13,
    0x21,0x09,0x31,0x01,0x32,0x05,0x13,0x31,0x0e,0x31,0x12,0x31,0x13,0x23,0x0f,0x12,
    0x09,0x34,0x13,0x09,0x14,0x05,0x32,0x15,0x13,0x31,0x16,0x22,0x14,0x12,0x21,0x19,
    0x11,0x12,0x11,0x13,0x21,0x08,0x33,0x01,0x03,0x0b,0x21,0x09,0x11,0x14,0x11,0x15,
    0x23,0x04,0x12,0x0f,0x23,0x0c,0x01,0x12,0x31,0x14,0x41,0x09,0x51,0x15,0x21,0x0d,
    0x21,0x0e,0x21,0x10,0x21,0x15,0x11,0x17,0x02,0x0e,0x01,0x03,0x0e,0x01,0x02,0x31,
    0x15,0x22,0x03,0x00,0x31,0x01,0x31,0x14,0x24,0x07,0x05,0x12,0x00,0x21,0x0b,0x22,
    0x0c,0x09,0x41,0x01,0x31,0x14,0x23,0x0d,0x09,0x14,0x21,0x0e,0x32,0x03,0x09,0x32,
    0x09,0x14,0x31,0x0b,0x22,0x12,0x03,0x43,0x08,0x13,0x00,0x31,0x05,0x31,0x09,0x31,
    0x0c,0x31,0x0d,0x21,0x13,0x31,0x03,0x32,0x14,0x09,0x21,0x14,0x32,0x01,0x0c,0x34,
    0x0f,0x0d,0x09,0x1a,0x21,0x15,0x32,0x13,0x05,0x31,0x14,0x22,0x16,0x05,0x11,0x02,
    0x04,0x0e,0x03,0x01,0x12,0x23,0x05,0x13,0x00,0x22,0x08,0x01,0x32,0x05,0x0f,0x42,
    0x13,0x14,0x32,0x09,0x0c,0x41,0x13,0x22,0x09,0x0e,0x31,0x14,0x24,0x0f,0x15,0x12,
    0x01,0x21,0x12,0x21,0x15,0x13,0x04,0x01,0x09,0x31,0x0e,0x21,0x05,0x33,0x13,0x14,
    0x00,0x22,0x09,0x02,0x33,0x05,0x03,0x0b,0x31,0x06,0x31,0x14,0x31,0x1a,0x23,0x14,
    0x08,0x12,0x22,0x15,0x03,0x31,0x12,0x22,0x17,0x05,0x12,0x05,0x00,0x22,0x01,0x12,
    0x21,0x02,0x33,0x01,0x03,0x0b,0x31,0x15,0x21,0x03,0x31,0x0b,0x03,0x0e,0x05,0x04,
    0x23,0x07,0x01,0x14,0x52,0x09,0x16,0x31,0x05,0x22,0x0c,0x01,0x32,0x09,0x1a,0x22,
    0x0d,0x09,0x31,0x0f,0x21,0x0e,0x31,0x05,0x21,0x0f,0x22,0x10,0x0f,0x21,0x11,0x21,
    0x12,0x32,0x01,0x02,0x41,0x12,0x31,0x05,0x31,0x09,0x31,0x12,0x21,0x13,0x31,0x00,
    0x32,0x0b,0x09,0x31,0x10,0x31,0x14,0x31,0x17,0x23,0x14,0x09,0x03,0x21,0x16,0x31,
    0x05,0x21,0x17,0x11,0x06,0x26,0x09,0x0e,0x09,0x14,0x05,0x13,0x13,0x07,0x01,0x02,
    0x04,0x0e,0x07,0x05,0x0c,0x32,0x0e,0x05,0x51,0x13,0x32,0x12,0x05,0x41,0x09,0x22,
    0x08,0x01,0x31,0x0f,0x22,0x09,0x02,0x31,0x0e,0x31,0x14,0x22,0x0c,0x01,0x22,0x0f,
    0x16,0x22,0x13,0x08,0x32,0x10,0x12,0x21,0x15,0x31,0x0d,0x21,0x19,0x11,0x08,0x21,
    0x01,0x31,0x02,0x21,0x05,0x12,0x09,0x01,0x31,0x0e,0x41,0x00,0x31,0x10,0x22,0x02,
    0x01,0x31,0x0c,0x21,0x04,0x31,0x09,0x22,0x05,0x12,0x22,0x06,0x09,0x43,0x03,0x01,
    0x14,0x04,0x0e,0x09,0x07,0x12,0x21,0x0b,0x21,0x0d,0x32,0x09,0x1a,0x21,0x0e,0x32,
    0x05,0x00,0x31,0x07,0x21,0x0f,0x22,0x13,0x00,0x32,0x14,0x01,0x21,0x14,0x31,0x08,
    0x32,0x09,0x0f,0x32,0x0f,0x12,0x31,0x12,0x11,0x0a,0x11,0x0b,0x23,0x05,0x12,0x0f,
    0x31,0x14,0x22,0x09,0x0e,0x21,0x0c,0x23,0x12,0x15,0x10,0x11,0x0c,0x23,0x05,0x13,
    0x13,0x11,0x0d,0x21,0x05,0x31,0x14,0x11,0x0e,0x21,0x05,0x23,0x09,0x01,0x0c,0x31,
    0x16,0x13,0x0f,0x02,0x0c,0x05,0x0e,0x0f,0x02,0x0c,0x05,0x25,0x03,0x05,0x12,0x0f,
    0x13,0x31,0x0c,0x21,0x04,0x21,0x05,0x21,0x07,0x31,0x05,0x23,0x09,0x13,0x09,0x22,
    0x0c,0x09,0x34,0x0f,0x07,0x09,0x13,0x23,0x0d,0x01,0x0c,0x33,0x05,0x0e,0x0f,0x32,
    0x09,0x03,0x42,0x13,0x14,0x41,0x1a,0x31,0x0f,0x31,0x19,0x21,0x0e,0x32,0x01,0x07,
    0x32,0x05,0x11,0x31,0x09,0x42,0x13,0x0f,0x41,0x1a,0x21,0x10,0x33,0x0f,0x0c,0x09,
    0x52,0x19,0x00,0x23,0x12,0x01,0x02,0x42,0x12,0x19,0x22,0x13,0x03,0x31,0x05,0x31,
    0x14,0x22,0x14,0x01,0x03,0x0e,0x0f,0x15,0x31,0x0e,0x23,0x16,0x05,0x0c,0x42,0x0d,
    0x02,0x22,0x17,0x0c,0x11,0x10,0x21,0x09,0x23,0x12,0x05,0x03,0x11,0x11,0x11,0x12,
    0x21,0x15,0x11,0x13,0x22,0x01,0x02,0x32,0x14,0x09,0x21,0x03,0x33,0x05,0x09,0x16,
    0x21,0x05,0x31,0x13,0x22,0x09,0x04,0x31,0x07,0x21,0x0c,0x21,0x0d,0x32,0x0f,0x0f,
    0x22,0x0f,0x03,0x22,0x10,0x05,0x31,0x09,0x24,0x14,0x01,0x02,0x0c,0x11,0x14,0x22,
    0x01,0x02,0x23,0x05,0x12,0x13,0x21,0x09,0x31,0x02,0x05,0x0e,0x14,0x09,0x05,0x12,
    0x31,0x06,0x32,0x0e,0x05,0x41,0x07,0x31,0x10,0x23,0x12,0x05,0x10,0x34,0x0f,0x0c,
    0x0c,0x09,0x21,0x13,0x23,0x15,0x0d,0x05,0x12,0x15,0x01,0x21,0x04,0x22,0x05,0x0e,
    0x23,0x06,0x06,0x05,0x22,0x09,0x0e,0x31,0x14,0x21,0x0d,0x31,0x05,0x31,0x09,0x21,
    0x0e,0x21,0x0f,0x22,0x14,0x12,0x11,0x16,0x11,0x17,0x12,0x19,0x0d,0x21,0x10,0x11,
    0x1a,0x21,0x01,0x02,0x0f,0x01,0x21,0x04,0x23,0x0c,0x05,0x13,0x22,0x12,0x04,0x22,
    0x13,0x05,0x05,0x0f,0x01,0x13,0x14,0x05,0x22,0x14,0x09,0x13,0x02,0x01,0x02,0x31,
    0x12,0x22,0x05,0x0c,0x21,0x09,0x31,0x0e,0x41,0x07,0x23,0x0c,0x09,0x07,0x21,0x12,
    0x22,0x15,0x0c,0x12,0x03,0x05,0x21,0x08,0x32,0x01,0x13,0x32,0x05,0x14,0x22,0x09,
    0x06,0x31,0x0c,0x23,0x0c,0x01,0x0d,0x22,0x0f,0x04,0x23,0x12,0x01,0x03,0x43,0x14,
    0x09,0x1a,0x31,0x05,0x32,0x09,0x14,0x24,0x14,0x0f,0x12,0x01,0x23,0x15,0x0c,0x01,
    0x32,0x12,0x05,0x14,0x04,0x04,0x05,0x04,0x24,0x05,0x0c,0x0c,0x09,0x22,0x09,0x03,
    0x31,0x0f,0x33,0x14,0x09,0x03,0x21,0x0f,0x04,0x0f,0x04,0x0f,0x12,0x24,0x15,0x03,
    0x14,0x00,0x51,0x13,0x12,0x05,0x0c,0x22,0x0e,0x07,0x21,0x12,0x32,0x13,0x14,0x22,
    0x14,0x01,0x21,0x16,0x12,0x06,0x09,0x32,0x14,0x05,0x41,0x14,0x13,0x07,0x01,0x12,
    0x33,0x14,0x09,0x16,0x41,0x0f,0x21,0x05,0x32,0x0e,0x05,0x31,0x0f,0x31,0x12,0x22,
    0x09,0x05,0x31,0x13,0x31,0x14,0x21,0x0c,0x31,0x19,0x23,0x0e,0x09,0x1a,0x22,0x12,
    0x0f,0x22,0x15,0x09,0x21,0x19,0x31,0x0e,0x11,0x08,0x22,0x01,0x02,0x11,0x09,0x05,
    0x0f,0x09,0x03,0x05,0x13,0x23,0x04,0x05,0x12,0x22,0x06,0x06,0x21,0x07,0x23,0x0c,
    0x05,0x14,0x22,0x0e,0x07,0x33,0x14,0x05,0x12,0x22,0x13,0x0d,0x32,0x0f,0x0e,0x33,
    0x14,0x05,0x0e,0x23,0x14,0x05,0x12,0x11,0x0a,0x11,0x0b,0x22,0x05,0x0e,0x32,0x13,
    0x14,0x22,0x09,0x05,0x12,0x0c,0x01,0x31,0x0e,0x32,0x13,0x13,0x21,0x04,0x31,0x05,
    0x22,0x05,0x12,0x32,0x13,0x03,0x43,0x14,0x05,0x12,0x31,0x14,0x22,0x06,0x09,0x21,
    0x09,0x31,0x01,0x32,0x03,0x05,0x32,0x04,0x00,0x31,0x06,0x34,0x07,0x0f,0x10,0x0f,
    0x04,0x0f,0x0c,0x09,0x0c,0x32,0x0e,0x07,0x31,0x0f,0x32,0x13,0x00,0x41,0x08,0x32,
    0x14,0x05,0x42,0x09,0x0f,0x31,0x16,0x23,0x0c,0x09,0x05,0x24,0x0f,0x07,0x09,0x1a,
    0x33,0x0e,0x0f,0x0d,0x31,0x12,0x22,0x10,0x0c,0x21,0x14,0x22,0x15,0x02,0x32,0x0d,
    0x05,0x31,0x0e,0x31,0x13,0x21,0x16,0x21,0x19,0x13,0x0d,0x01,0x08,0x31,0x0c,0x33,
    0x14,0x09,0x1a,0x22,0x02,0x05,0x31,0x0c,0x21,0x05,0x33,0x03,0x08,0x01,0x32,0x0e,
    0x01,0x33,0x12,0x13,0x05,0x31,0x14,0x42,0x12,0x19,0x22,0x09,0x01,0x05,0x0f,0x0d,
    0x09,0x03,0x00,0x41,0x01,0x31,0x04,0x31,0x0e,0x41,0x09,0x24,0x0d,0x05,0x0e,0x04,
    0x23,0x0f,0x07,0x05,0x31,0x0e,0x22,0x10,0x09,0x32,0x12,0x0f,0x11,0x0e,0x21,0x01,
    0x31,0x03,0x31,0x0e,0x21,0x03,0x32,0x09,0x0c,0x21,0x04,0x31,0x0f,0x22,0x05,0x0e,
    0x32,0x13,0x14,0x22,0x07,0x15,0x22,0x09,0x03,0x31,0x0f,0x31,0x13,0x31,0x15,0x23,
    0x0b,0x05,0x19,0x23,0x0f,0x04,0x09,0x33,0x0d,0x09,0x03,0x41,0x19,0x33,0x12,0x0d,
    0x01,0x33,0x14,0x0f,0x0e,0x31,0x15,0x03,0x0f,0x0e,0x13,0x32,0x10,0x09,0x52,0x12,
    0x01,0x31,0x15,0x23,0x14,0x05,0x0e,0x31,0x09,0x41,0x06,0x22,0x15,0x0d,0x22,0x16,
    0x01,0x11,0x0f,0x22,0x04,0x05,0x31,0x09,0x21,0x0b,0x22,0x10,0x09,0x22,0x12,0x04,
    0x22,0x13,0x14,0x12,0x10,0x01,0x22,0x05,0x04,0x31,0x12,0x41,0x01,0x51,0x07,0x21,
    0x08,0x32,0x01,0x0e,0x32,0x05,0x12,0x23,0x09,0x0e,0x07,0x33,0x13,0x0d,0x00,0x31,
    0x14,0x22,0x0f,0x0e,0x32,0x13,0x09,0x21,0x12,0x21,0x15,0x21,0x19,0x02,0x0f,0x11,
    0x12,0x12,0x01,0x31,0x00,0x31,0x07,0x33,0x0c,0x09,0x1a,0x33,0x0e,0x07,0x05,0x22,
    0x05,0x01,0x41,0x0c,0x31,0x09,0x32,0x13,0x08,0x42,0x14,0x00,0x31,0x17,0x22,0x07,
    0x15,0x22,0x09,0x01,0x32,0x03,0x01,0x31,0x0c,0x31,0x0e,0x31,0x0f,0x32,0x14,0x19,
    0x31,0x15,0x22,0x0d,0x09,0x22,0x0e,0x05,0x22,0x0f,0x06,0x32,0x15,0x07,0x22,0x10,
    0x05,0x22,0x12,0x08,0x22,0x13,0x05,0x41,0x0e,0x31,0x14,0x23,0x14,0x08,0x09,0x44,
    0x0f,0x0e,0x09,0x14,0x42,0x12,0x09,0x05,0x0f,0x12,0x14,0x08,0x19,0x35,0x09,0x16,
    0x05,0x0c,0x19,0x31,0x19,0x22,0x15,0x0d,0x21,0x19,0x13,0x13,0x01,0x0c,0x21,0x03,
    0x31,0x05,0x32,0x0f,0x10,0x51,0x09,0x31,0x12,0x22,0x09,0x05,0x33,0x14,0x09,0x16,
    0x41,0x0f,0x41,0x19,0x31,0x15,0x21,0x0c,0x21,0x0f,0x22,0x10,0x01,0x33,0x08,0x05,
    0x12,0x31,0x0f,0x22,0x14,0x01,0x42,0x14,0x09,0x32,0x09,0x0c,0x41,0x14,0x13,0x14,
    0x01,0x0e,0x24,0x05,0x0c,0x05,0x07,0x32,0x12,0x00,0x41,0x13,0x31,0x13,0x43,0x14,
    0x05,0x12,0x52,0x0f,0x12,0x03,0x0f,0x14,0x08,0x33,0x05,0x0f,0x13,0x42,0x13,0x09,
    0x31,0x09,0x23,0x09,0x03,0x00,0x41,0x01,0x41,0x05,0x31,0x06,0x31,0x13,0x22,0x0f,
    0x13,0x11,0x15,0x24,0x02,0x01,0x04,0x0f,0x31,0x0c,0x23,0x03,0x08,0x09,0x22,0x05,
    0x14,0x21,0x0c,0x24,0x0e,0x03,0x05,0x12,0x31,0x04,0x21,0x16,0x13,0x16,0x05,0x0e,
    0x33,0x12,0x0e,0x05,0x41,0x13,0x41,0x14,0x24,0x09,0x01,0x0e,0x00,0x31,0x13,0x32,
    0x14,0x09,0x22,0x0f,0x0c,0x14,0x17,0x04,0x05,0x12,0x22,0x05,0x0c,0x32,0x13,0x14,
    0x21,0x09,0x22,0x0e,0x09,0x03,0x0f,0x17,0x0f,0x15,0x18,0x09,0x04,0x09,0x03,0x12,
    0x19,0x01,0x02,0x10,0x01,0x22,0x03,0x01,0x31,0x05,0x31,0x14,0x21,0x04,0x23,0x07,
    0x01,0x0e,0x41,0x14,0x21,0x09,0x31,0x0e,0x21,0x0c,0x33,0x0d,0x01,0x14,0x22,0x0e,
    0x01,0x32,0x05,0x0c,0x32,0x14,0x19,0x31,0x19,0x21,0x10,0x31,0x15,0x24,0x12,0x01,
    0x02,0x0c,0x42,0x07,0x05,0x52,0x12,0x01,0x42,0x0c,0x05,0x41,0x0d,0x51,0x05,0x32,
    0x04,0x09,0x31,0x05,0x41,0x0c,0x31,0x09,0x41,0x13,0x22,0x14,0x05,0x05,0x10,0x01,
    0x14,0x05,0x12,0x33,0x08,0x09,0x03,0x41,0x19,0x33,0x12,0x09,0x03,0x21,0x16,0x21,
    0x19,0x11,0x02,0x11,0x04,0x12,0x05,0x00,0x21,0x01,0x32,0x12,0x0c,0x21,0x03,0x21,
    0x04,0x31,0x05,0x31,0x09,0x41,0x01,0x41,0x03,0x21,0x05,0x31,0x04,0x31,0x16,0x21,
    0x0b,0x22,0x0c,0x01,0x32,0x09,0x05,0x23,0x0e,0x01,0x0e,0x31,0x03,0x32,0x14,0x08,
    0x22,0x0f,0x0e,0x23,0x12,0x01,0x00,0x42,0x02,0x0c,0x41,0x07,0x31,0x09,0x42,0x13,
    0x14,0x06,0x10,0x05,0x12,0x0d,0x01,0x0c,0x41,0x05,0x31,0x0e,0x31,0x0f,0x32,0x14,
    0x09,0x31,0x15,0x31,0x16,0x21,0x14,0x32,0x05,0x0e,0x32,0x09,0x1a,0x11,0x06,0x11,
    0x07,0x12,0x08,0x00,0x23,0x01,0x12,0x09,0x23,0x05,0x0e,0x0f,0x31,0x12,0x32,0x13,
    0x00,0x22,0x09,0x03,0x31,0x05,0x34,0x0c,0x01,0x0e,0x14,0x53,0x14,0x05,0x0c,0x32,
    0x0e,0x07,0x33,0x13,0x14,0x09,0x31,0x1a,0x21,0x0c,0x22,0x0f,0x02,0x32,0x0e,0x05,
    0x41,0x09,0x31,0x12,0x21,0x13,0x21,0x14,0x21,0x15,0x03,0x10,0x08,0x19,0x12,0x09,
    0x01,0x31,0x0e,0x23,0x03,0x01,0x04,0x32,0x09,0x05,0x31,0x19,0x21,0x04,0x31,0x01,
    0x31,0x05,0x31,0x09,0x22,0x05,0x03,0x31,0x0e,0x24,0x07,0x12,0x01,0x10,0x22,0x0c,
    0x0f,0x21,0x0e,0x31,0x00,0x31,0x04,0x31,0x0f,0x21,0x0f,0x31,0x0e,0x22,0x14,0x08,
    0x41,0x01,0x31,0x15,0x11,0x0b,0x11,0x0c,0x22,0x01,0x0e,0x32,0x13,0x14,0x22,0x09,
    0x01,0x33,0x03,0x01,0x02,0x32,0x05,0x12,0x31,0x07,0x31,0x0e,0x06,0x10,0x0c,0x09,
    0x0e,0x01,0x12,0x22,0x0f,0x09,0x22,0x15,0x0d,0x41,0x02,0x11,0x0d,0x11,0x0e,0x12,
    0x0f,0x03,0x22,0x04,0x00,0x22,0x05,0x0d,0x31,0x14,0x21,0x07,0x22,0x09,0x0e,0x42,
    0x03,0x01,0x41,0x14,0x23,0x0c,0x05,0x00,0x32,0x19,0x05,0x45,0x10,0x08,0x0f,0x0e,
    0x0f,0x41,0x14,0x22,0x0e,0x09,0x21,0x10,0x21,0x12,0x31,0x19,0x21,0x13,0x31,0x13,
    0x21,0x14,0x31,0x01,0x22,0x15,0x0e,0x11,0x10,0x23,0x01,0x12,0x01,0x21,0x05,0x31,
    0x04,0x31,0x0c,0x04,0x10,0x10,0x05,0x0e,0x31,0x12,0x31,0x14,0x25,0x0f,0x13,0x09,
    0x14,0x05,0x11,0x12,0x23,0x01,0x19,0x05,0x23,0x05,0x03,0x09,0x41,0x0f,0x32,0x05,
    0x0d,0x33,0x06,0x01,0x03,0x32,0x0c,0x01,0x33,0x0d,0x01,0x03,0x33,0x0e,0x05,0x15,
    0x31,0x12,0x32,0x13,0x05,0x43,0x10,0x0c,0x09,0x41,0x13,0x33,0x14,0x05,0x0e,0x31,
    0x16,0x22,0x09,0x05,0x32,0x0e,0x14,0x31,0x13,0x41,0x0f,0x23,0x0f,0x03,0x01,0x43,
    0x05,0x13,0x13,0x44,0x09,0x14,0x19,0x00,0x33,0x06,0x09,0x14,0x32,0x07,0x05,0x31,
    0x0c,0x32,0x13,0x05,0x31,0x14,0x11,0x13,0x03,0x10,0x13,0x05,0x32,0x15,0x04,0x52,
    0x0f,0x04,0x61,0x06,0x21,0x08,0x22,0x09,0x02,0x11,0x14,0x22,0x01,0x02,0x21,0x05,
    0x21,0x08,0x22,0x09,0x0d,0x24,0x0f,0x0d,0x01,0x14,0x23,0x12,0x0f,0x0c,0x22,0x15,
    0x12,0x21,0x17,0x12,0x15,0x02,0x33,0x05,0x13,0x03,0x21,0x05,0x21,0x06,0x22,0x0c,
    0x03,0x21,0x0d,0x21,0x0e,0x22,0x12,0x12,0x21,0x13,0x21,0x14,0x31,0x05,0x41,0x12,
    0x31,0x12,0x33,0x14,0x05,0x04,0x42,0x09,0x0e,0x11,0x17,0x02,0x11,0x15,0x07,0x11,
    0x15,0x01,0x09,0x0e,0x14,0x05,0x32,0x13,0x09,0x51,0x12,0x51,0x13,0x31,0x16,0x22,
    0x05,0x00,0x31,0x12,0x31,0x14,0x26,0x09,0x0e,0x14,0x05,0x13,0x13,0x33,0x16,0x01,
    0x12,0x03,0x12,0x01,0x02,0x31,0x09,0x34,0x0f,0x0c,0x09,0x03,0x52,0x0f,0x09,0x23,
    0x03,0x08,0x05,0x41,0x15,0x31,0x0c,0x23,0x04,0x09,0x07,0x42,0x0f,0x07,0x23,0x06,
    0x06,0x09,0x31,0x14,0x21,0x09,0x22,0x0c,0x0f,0x23,0x0d,0x05,0x0e,0x41,0x14,0x53,
    0x12,0x09,0x1a,0x31,0x09,0x32,0x0f,0x15,0x23,0x0e,0x05,0x0f,0x32,0x07,0x05,0x33,
    0x08,0x01,0x13,0x31,0x09,0x04,0x12,0x01,0x0e,0x0f,0x22,0x0f,0x12,0x23,0x10,0x05,
    0x12,0x32,0x08,0x19,0x22,0x12,0x03,0x31,0x05,0x41,0x06,0x32,0x09,0x0c,0x21,0x13,
    0x24,0x14,0x09,0x0f,0x0e,0x22,0x15,0x14,0x23,0x16,0x01,0x09,0x32,0x05,0x0c,0x23,
    0x1a,0x09,0x05,0x11,0x02,0x22,0x01,0x02,0x31,0x07,0x21,0x09,0x31,0x06,0x31,0x0e,
    0x41,0x05,0x42,0x07,0x00,0x51,0x05,0x21,0x0f,0x11,0x03,0x21,0x05,0x31,0x0e,0x22,
    0x08,0x01,0x32,0x05,0x12,0x22,0x09,0x02,0x31,0x14,0x22,0x15,0x0d,0x04,0x12,0x04,
    0x01,0x0c,0x21,0x09,0x31,0x01,0x32,0x05,0x12,0x31,0x0e,0x41,0x07,0x12,0x05,0x00,
    0x22,0x01,0x0c,0x31,0x0e,0x32,0x12,0x12,0x31,0x16,0x31,0x17,0x24,0x02,0x12,0x01,
    0x14,0x24,0x03,0x09,0x10,0x12,0x33,0x0f,0x0c,0x0c,0x43,0x0d,0x10,0x05,0x32,0x12,
    0x05,0x34,0x14,0x01,0x0e,0x07,0x21,0x04,0x31,0x05,0x32,0x09,0x13,0x41,0x14,0x23,
    0x06,0x01,0x03,0x31,0x05,0x42,0x12,0x00,0x31,0x09,0x31,0x19,0x23,0x07,0x09,0x13,
    0x22,0x09,0x14,0x22,0x0c,0x09,0x31,0x15,0x23,0x0e,0x14,0x01,0x05,0x12,0x05,0x0e,
    0x14,0x05,0x21,0x0f,0x23,0x10,0x09,0x0e,0x33,0x0f,0x13,0x09,0x31,0x15,0x21,0x12,
    0x31,0x09,0x31,0x0f,0x31,0x15,0x22,0x13,0x00,0x32,0x10,0x09,0x33,0x13,0x09,0x02,
    0x31,0x14,0x42,0x01,0x0c,0x41,0x12,0x23,0x14,0x05,0x12,0x32,0x09,0x1a,0x32,0x12,
    0x09,0x52,0x02,0x15,0x21,0x15,0x32,0x14,0x09,0x21,0x16,0x32,0x01,0x0c,0x32,0x05,
    0x0c,0x42,0x12,0x00,0x51,0x13,0x51,0x14,0x32,0x09,0x0c,0x33,0x0f,0x0c,0x15,0x22,
    0x17,0x08,0x11,0x06,0x21,0x15,0x03,0x12,0x06,0x19,0x11,0x07,0x22,0x05,0x12,0x31,
    0x14,0x22,0x09,0x03,0x31,0x0e,0x41,0x07,0x31,0x13,0x31,0x14,0x21,0x0c,0x22,0x0f,
    0x0e,0x21,0x15,0x11,0x08,0x21,0x00,0x22,0x01,0x0c,0x12,0x09,0x01,0x31,0x02,0x31,
    0x07,0x32,0x0c,0x00,0x21,0x02,0x31,0x01,0x23,0x03,0x01,0x13,0x31,0x05,0x31,0x09,
    0x41,0x04,0x41,0x05,0x31,0x0f,0x23,0x04,0x05,0x12,0x23,0x05,0x0e,0x03,0x41,0x14,
    0x31,0x12,0x31,0x14,0x05,0x12,0x09,0x07,0x01,0x0e,0x31,0x09,0x23,0x0c,0x09,0x1a,
    0x23,0x0d,0x01,0x0e,0x31,0x09,0x31,0x0f,0x32,0x10,0x05,0x22,0x0e,0x01,0x41,0x00,
    0x31,0x04,0x31,0x05,0x31,0x07,0x21,0x0f,0x22,0x10,0x08,0x41,0x05,0x31,0x0c,0x42,
    0x09,0x03,0x21,0x11,0x21,0x13,0x31,0x00,0x31,0x03,0x31,0x08,0x31,0x10,0x23,0x14,
    0x01,0x02,0x33,0x05,0x04,0x00,0x42,0x12,0x00,0x51,0x13,0x32,0x09,0x03,0x31,0x15,
    0x41,0x12,0x23,0x16,0x05,0x0c,0x41,0x14,0x04,0x12,0x09,0x16,0x09,0x32,0x0f,0x0c,
    0x11,0x0a,0x12,0x0b,0x00,0x22,0x05,0x14,0x22,0x08,0x0f,0x22,0x0c,0x05,0x32,0x09,
    0x0e,0x23,0x12,0x01,0x15,0x22,0x13,0x00,0x11,0x0c,0x21,0x05,0x31,0x04,0x32,0x11,
    0x15,0x22,0x09,0x07,0x31,0x13,0x41,0x08,0x21,0x0f,0x11,0x0d,0x22,0x01,0x03,0x21,
    0x05,0x31,0x0e,0x32,0x12,0x13,0x23,0x09,0x0e,0x07,0x51,0x00,0x31,0x0f,0x31,0x14,
    0x21,0x19,0x13,0x0e,0x01,0x12,0x22,0x05,0x0c,0x31,0x12,0x31,0x14,0x04,0x12,0x0e,
    0x05,0x19,0x22,0x09,0x03,0x31,0x13,0x31,0x14,0x31,0x16,0x21,0x0f,0x31,0x15,0x21,
    0x15,0x13,0x0f,0x02,0x0c,0x32,0x0f,0x14,0x21,0x03,0x31,0x12,0x21,0x05,0x33,0x0c,
    0x01,0x13,0x34,0x10,0x09,0x04,0x05,0x22,0x06,0x05,0x32,0x09,0x0c,0x21,0x0b,0x32,
    0x05,0x12,0x23,0x0c,0x05,0x00,0x24,0x0d,0x05,0x13,0x08,0x42,0x14,0x05,0x31,0x09,
    0x31,0x10,0x23,0x0e,0x01,0x0c,0x31,0x05,0x32,0x09,0x13,0x32,0x14,0x01,0x22,0x0f,
    0x0d,0x31,0x14,0x23,0x10,0x05,0x0c,0x32,0x09,0x03,0x04,0x12,0x0f,0x12,0x09,0x31,
    0x0f,0x24,0x13,0x10,0x05,0x12,0x31,0x13,0x23,0x14,0x08,0x05,0x33,0x12,0x0f,0x0e,
    0x31,0x19,0x22,0x16,0x01,0x32,0x05,0x0c,0x21,0x18,0x11,0x10,0x24,0x01,0x15,0x0c,
    0x09,0x22,0x05,0x01,0x32,0x0e,0x14,0x32,0x12,0x00,0x31,0x14,0x21,0x08,0x23,0x09,
    0x0e,0x07,0x21,0x0f,0x11,0x12,0x22,0x05,0x03,0x31,0x06,0x31,0x0f,0x32,0x13,0x14,
    0x22,0x09,0x0f,0x31,0x16,0x22,0x0f,0x0e,0x31,0x13,0x22,0x19,0x13,0x11,0x13,0x21,
    0x01,0x32,0x14,0x09,0x03,0x12,0x13,0x03,0x21,0x05,0x31,0x03,0x41,0x12,0x32,0x12,
    0x00,0x43,0x01,0x04,0x09,0x31,0x13,0x31,0x16,0x21,0x08,0x31,0x01,0x21,0x09,0x31,
    0x02,0x22,0x0f,0x0e,0x21,0x10,0x21,0x17,0x14,0x14,0x01,0x03,0x08,0x31,0x07,0x22,
    0x05,0x02,0x32,0x0e,0x04,0x31,0x0f,0x23,0x08,0x0f,0x15,0x21,0x09,0x31,0x02,0x31,
    0x04,0x32,0x05,0x12,0x31,0x07,0x32,0x0c,0x09,0x41,0x0c,0x41,0x19,0x32,0x13,0x14,
    0x31,0x16,0x23,0x12,0x05,0x15,0x04,0x12,0x14,0x12,0x09,0x33,0x0f,0x10,0x08,0x22,
    0x13,0x08,0x12,0x15,0x01,0x22,0x05,0x0c,0x31,0x0e,0x22,0x07,0x0c,0x22,0x09,0x0e,
    0x23,0x0d,0x10,0x0c,0x21,0x0e,0x31,0x0b,0x32,0x14,0x19,0x22,0x13,0x03,0x23,0x14,
    0x09,0x0e,0x12,0x16,0x05,0x32,0x09,0x0c,0x32,0x0c,0x09,0x31,0x0e,0x32,0x12,0x00,
    0x32,0x13,0x14,0x31,0x19,0x22,0x09,0x03,0x31,0x16,0x21,0x0f,0x11,0x17,0x12,0x19,
    0x03,0x23,0x0e,0x07,0x05,0x21,0x14,0x13,0x1a,0x13,0x03,0x02,0x13,0x01,0x21,0x02,
    0x22,0x03,0x0b,0x05,0x13,0x01,0x03,0x12,0x09,0x31,0x14,0x21,0x09,0x23,0x0c,0x01,
    0x12,0x33,0x05,0x13,0x03,0x51,0x17,0x31,0x0d,0x31,0x0f,0x31,0x14,0x22,0x0e,0x03,
    0x32,0x04,0x05,0x21,0x10,0x34,0x01,0x12,0x09,0x0c,0x22,0x14,0x01,0x32,0x09,0x0f,
    0x31,0x15,0x21,0x15,0x23,0x16,0x0f,0x12,0x21,0x17,0x11,0x02,0x14,0x03,0x01,0x0e,
    0x14,0x31,0x10,0x42,0x05,0x12,0x33,0x14,0x0f,0x0c,0x31,0x16,0x22,0x05,0x04,0x31,
    0x09,0x31,0x13,0x21,0x08,0x33,0x09,0x14,0x1a,0x31,0x0f,0x36,0x12,0x0f,0x04,0x09,
    0x0e,0x07,0x04,0x13,0x03,0x09,0x05,0x32,0x0e,0x04,0x33,0x15,0x14,0x14,0x22,0x0c,
    0x05,0x31,0x09,0x22,0x0f,0x06,0x32,0x10,0x19,0x33,0x15,0x12,0x01,0x26,0x12,0x01,
    0x10,0x05,0x12,0x00,0x21,0x15,0x23,0x19,0x14,0x08,0x11,0x04,0x12,0x05,0x00,0x21,
    0x01,0x31,0x13,0x31,0x17,0x22,0x03,0x0f,0x31,0x14,0x21,0x04,0x31,0x05,0x31,0x0c,
    0x21,0x07,0x31,0x12,0x21,0x09,0x22,0x0c,0x05,0x31,0x06,0x31,0x16,0x24,0x0d,0x01,
    0x10,0x08,0x31,0x05,0x42,0x13,0x14,0x34,0x09,0x14,0x09,0x03,0x32,0x0f,0x0c,0x05,
    0x13,0x05,0x0e,0x01,0x14,0x31,0x03,0x31,0x04,0x32,0x05,0x04,0x31,0x07,0x32,0x09,
    0x0e,0x32,0x14,0x04,0x41,0x0c,0x22,0x10,0x01,0x34,0x14,0x05,0x0d,0x02,0x22,0x12,
    0x00,0x31,0x0c,0x31,0x0f,0x32,0x16,0x0f,0x21,0x13,0x31,0x08,0x31,0x14,0x22,0x15,
    0x0d,0x21,0x16,0x32,0x05,0x0e,0x22,0x17,0x09,0x21,0x18,0x11,0x06,0x11,0x07,0x11,
    0x08,0x21,0x00,0x22,0x05,0x12,0x31,0x16,0x22,0x09,0x0e,0x31,0x0f,0x31,0x10,0x31,
    0x16,0x03,0x13,0x08,0x0f,0x33,0x05,0x13,0x14,0x32,0x0c,0x04,0x31,0x0e,0x31,0x12,
    0x41,0x14,0x21,0x17,0x12,0x09,0x02,0x22,0x03,0x03,0x23,0x04,0x05,0x00,0x42,0x04,
    0x00,0x41,0x13,0x51,0x14,0x51,0x17,0x31,0x09,0x41,0x1a,0x23,0x07,0x0e,0x01,0x22,
    0x0c,0x05,0x31,0x19,0x21,0x0e,0x31,0x01,0x32,0x05,0x00,0x31,0x07,0x21,0x0f,0x31,
    0x0e,0x41,0x01,0x21,0x12,0x31,0x01,0x34,0x05,0x13,0x09,0x04,0x21,0x13,0x23,0x14,
    0x09,0x0f,0x21,0x15,0x03,0x13,0x09,0x16,0x21,0x1a,0x11,0x0b,0x21,0x05,0x31,0x14,
    0x23,0x09,0x0e,0x05,0x41,0x07,0x23,0x19,0x13,0x03,0x11,0x0c,0x22,0x01,0x14,0x21,
    0x05,0x23,0x09,0x14,0x08,0x26,0x0f,0x16,0x01,0x0b,0x09,0x01,0x11,0x0d,0x21,0x01,
    0x32,0x0c,0x0c,0x31,0x0e,0x22,0x05,0x0c,0x31,0x0e,0x23,0x09,0x14,0x08,0x23,0x0f,
    0x0c,0x04,0x11,0x0e,0x11,0x0f,0x22,0x03,0x05,0x22,0x06,0x14,0x24,0x07,0x01,0x0d,
    0x19,0x23,0x0c,0x01,0x02,0x31,0x04,0x32,0x09,0x03,0x33,0x15,0x14,0x05,0x31,0x16,
    0x21,0x0d,0x04,0x13,0x0f,0x0e,0x00,0x31,0x01,0x31,0x07,0x21,0x10,0x33,0x08,0x09,
    0x03,0x51,0x1a,0x41,0x19,0x22,0x12,0x03,0x31,0x04,0x21,0x16,0x31,0x09,0x12,0x10,
    0x01,0x32,0x03,0x05,0x42,0x09,0x0e,0x31,0x09,0x31,0x0e,0x24,0x05,0x03,0x09,0x0f,
    0x32,0x0e,0x04,0x31,0x0f,0x31,0x12,0x22,0x08,0x05,0x41,0x12,0x51,0x0f,0x31,0x0f,
    0x24,0x09,0x03,0x09,0x0c,0x31,0x0c,0x32,0x0e,0x07,0x31,0x0f,0x22,0x0c,0x19,0x25,
    0x0f,0x0b,0x05,0x13,0x17,0x31,0x0e,0x31,0x12,0x07,0x13,0x10,0x0f,0x12,0x14,0x13,
    0x03,0x61,0x17,0x31,0x14,0x15,0x11,0x15,0x01,0x0c,0x0c,0x33,0x09,0x14,0x0f,0x11,
    0x12,0x11,0x13,0x21,0x01,0x33,0x03,0x08,0x15,0x31,0x13,0x21,0x03,0x22,0x05,0x0c,
    0x32,0x0e,0x07,0x32,0x13,0x00,0x31,0x14,0x23,0x08,0x01,0x14,0x21,0x09,0x33,0x01,
    0x0e,0x00,0x31,0x05,0x41,0x12,0x34,0x07,0x0e,0x01,0x02,0x32,0x0c,0x19,0x21,0x0c,
    0x31,0x09,0x21,0x0e,0x24,0x10,0x05,0x0e,0x04,0x21,0x14,0x23,0x15,0x12,0x01,0x21,
    0x17,0x12,0x14,0x00,0x22,0x01,0x07,0x31,0x0c,0x05,0x13,0x14,0x01,0x0d,0x09,0x41,
    0x10,0x32,0x0e,0x04,0x44,0x14,0x13,0x08,0x09,0x31,0x10,0x34,0x12,0x14,0x0c,0x09,
    0x32,0x14,0x00,0x41,0x09,0x21,0x02,0x22,0x05,0x04,0x33,0x12,0x0e,0x09,0x41,0x0f,
    0x31,0x17,0x41,0x01,0x22,0x08,0x05,0x21,0x09,0x31,0x00,0x31,0x01,0x31,0x03,0x41,
    0x0b,0x31,0x05,0x31,0x06,0x32,0x0e,0x07,0x31,0x12,0x22,0x0c,0x05,0x23,0x0f,0x03,
    0x0b,0x32,0x0d,0x01,0x32,0x0e,0x05,0x31,0x10,0x33,0x12,0x01,0x02,0x41,0x05,0x21,
    0x12,0x05,0x13,0x14,0x12,0x01,0x04,0x43,0x14,0x01,0x07,0x51,0x15,0x41,0x19,0x34,
    0x09,0x02,0x15,0x14,0x41,0x04,0x31,0x19,0x23,0x13,0x03,0x12,0x24,0x15,0x10,0x09,
    0x04,0x21,0x17,0x21,0x19,0x33,0x0c,0x09,0x13,0x11,0x15,0x22,0x01,0x0c,0x21,0x02,
    0x21,0x07,0x22,0x09,0x13,0x31,0x14,0x21,0x0c,0x21,0x0d,0x31,0x09,0x21,0x0e,0x24,
    0x10,0x05,0x12,0x05,0x21,0x12,0x11,0x16,0x11,0x17,0x23,0x09,0x0d,0x0d,0x21,0x0f,
    0x11,0x19,0x21,0x03,0x21,0x0c,0x22,0x0e,0x03,0x04,0x13,0x19,0x0e,0x0f,0x23,0x12,
    0x09,0x0e,0x23,0x14,0x08,0x09,0x02,0x14,0x01,0x21,0x00,0x21,0x02,0x33,0x0c,0x05,
    0x13,0x35,0x0f,0x0c,0x09,0x13,0x0d,0x61,0x1a,0x22,0x03,0x09,0x22,0x04,0x0f,0x21,
    0x06,0x24,0x07,0x0f,0x0e,0x00,0x23,0x09,0x0c,0x0f,0x21,0x0c,0x31,0x01,0x32,0x05,
    0x0e,0x31,0x09,0x31,0x0b,0x41,0x01,0x33,0x0c,0x09,0x13,0x32,0x0f,0x07,0x23,0x0d,
    0x09,0x0e,0x31,0x0f,0x23,0x0e,0x04,0x05,0x32,0x14,0x01,0x24,0x10,0x01,0x14,0x08,
    0x32,0x05,0x12,0x31,0x0c,0x22,0x12,0x01,0x31,0x03,0x31,0x05,0x05,0x14,0x01,0x12,
    0x09,0x1a,0x32,0x12,0x08,0x22,0x13,0x05,0x31,0x19,0x23,0x14,0x09,0x03,0x32,0x15,
    0x12,0x22,0x15,0x0e,0x21,0x16,0x21,0x17,0x23,0x18,0x09,0x13,0x11,0x02,0x11,0x03,
    0x21,0x08,0x31,0x03,0x32,0x05,0x14,0x33,0x09,0x05,0x12,0x21,0x12,0x11,0x04,0x12,
    0x05,0x00,0x26,0x01,0x03,0x08,0x05,0x12,0x00,0x32,0x04,0x09,0x31,0x14,0x22,0x03,
    0x05,0x31,0x14,0x21,0x04,0x31,0x09,0x21,0x05,0x21,0x07,0x32,0x05,0x12,0x31,0x09,
    0x22,0x0c,0x00,0x32,0x05,0x07,0x06,0x14,0x05,0x0c,0x05,0x12,0x0f,0x31,0x09,0x31,
    0x13,0x22,0x0d,0x01,0x41,0x14,0x23,0x0e,0x01,0x0e,0x31,0x03,0x31,0x04,0x32,0x05,
    0x13,0x31,0x14,0x42,0x01,0x07,0x21,0x0f,0x21,0x10,0x31,0x05,0x22,0x12,0x03,0x31,
    0x04,0x33,0x07,0x05,0x09,0x31,0x09,0x42,0x03,0x00,0x42,0x05,0x13,0x41,0x13,0x42,
    0x1a,0x01,0x33,0x0e,0x09,0x14,0x31,0x16,0x22,0x13,0x00,0x31,0x13,0x41,0x00,0x42,
    0x05,0x13,0x23,0x14,0x08,0x05,0x21,0x15,0x21,0x18,0x21,0x19,0x02,0x14,0x06,0x11,
    0x07,0x12,0x08,0x00,0x24,0x01,0x0c,0x01,0x0d,0x31,0x0e,0x21,0x05,0x31,0x01,0x41,
    0x13,0x41,0x14,0x32,0x09,0x13,0x31,0x14,0x23,0x09,0x03,0x00,0x41,0x01,0x31,0x0c,
    0x32,0x0e,0x0b,0x21,0x0c,0x23,0x0f,0x04,0x05,0x42,0x09,0x03,0x42,0x0f,0x0e,0x34,
    0x07,0x05,0x0e,0x09,0x33,0x0b,0x05,0x12,0x31,0x0f,0x33,0x12,0x09,0x14,0x51,0x1a,
    0x21,0x13,0x24,0x19,0x0c,0x01,0x0e,0x32,0x13,0x03,0x12,0x09,0x01,0x31,0x02,0x32,
    0x0e,0x00,0x32,0x14,0x0f,0x21,0x02,0x04,0x14,0x09,0x03,0x0b,0x31,0x0f,0x31,0x15,
    0x22,0x04,0x09,0x22,0x05,0x0e,0x21,0x06,0x31,0x19,0x21,0x07,0x31,0x15,0x24,0x0c,
    0x0c,0x09,0x0e,0x21,0x0d,0x31,0x10,0x32,0x15,0x0c,0x21,0x0e,0x31,0x01,0x32,0x05,
    0x00,0x31,0x09,0x32,0x0f,0x0d,0x21,0x0f,0x31,0x03,0x33,0x0e,0x05,0x05,0x21,0x11,
    0x22,0x13,0x01,0x31,0x05,0x31,0x0d,0x31,0x0f,0x31,0x10,0x34,0x14,0x09,0x03,0x01,
    0x22,0x14,0x0c,0x21,0x15,0x21,0x16,0x31,0x01,0x03,0x14,0x09,0x1a,0x31,0x01,0x32,
    0x05,0x0e,0x11,0x0c,0x21,0x01,0x31,0x0e,0x22,0x05,0x00,0x31,0x04,0x32,0x13,0x00,
    0x32,0x14,0x00,0x23,0x09,0x05,0x12,0x21,0x0f,0x11,0x0d,0x21,0x05,0x11,0x0e,0x11,
    0x0f,0x21,0x02,0x24,0x03,0x12,0x01,0x14,0x22,0x04,0x0f,0x21,0x06,0x22,0x07,0x12,
    0x22,0x09,0x03,0x24,0x0c,0x0f,0x07,0x19,0x22,0x0d,0x01,0x31,0x02,0x31,0x19,0x24,
    0x0e,0x01,0x0c,0x09,0x41,0x14,0x31,0x0f,0x31,0x19,0x22,0x12,0x01,0x32,0x09,0x05,
    0x05,0x14,0x0f,0x12,0x09,0x1a,0x21,0x13,0x23,0x14,0x09,0x03,0x22,0x15,0x12,0x31,
    0x14,0x23,0x17,0x01,0x12,0x11,0x10,0x12,0x12,0x01,0x31,0x02,0x32,0x03,0x08,0x41,
    0x09,0x51,0x14,0x42,0x14,0x05,0x34,0x09,0x14,0x0f,0x12,0x31,0x13,0x33,0x16,0x05,
    0x0e,0x52,0x12,0x13,0x72,0x01,0x02,0x51,0x13,0x25,0x05,0x01,0x03,0x08,0x05,0x31,
    0x06,0x31,0x0d,0x41,0x09,0x22,0x09,0x01,0x42,0x0c,0x00,0x33,0x03,0x05,0x13,0x42,
    0x09,0x01,0x41,0x13,0x31,0x0d,0x31,0x16,0x25,0x0f,0x06,0x09,0x03,0x00,0x51,0x14,
    0x07,0x14,0x12,0x0f,0x0c,0x05,0x15,0x0d,0x32,0x0d,0x09,0x32,0x0e,0x09,0x41,0x19,
    0x33,0x10,0x08,0x05,0x42,0x09,0x13,0x44,0x0f,0x0c,0x05,0x13,0x62,0x09,0x13,0x71,
    0x14,0x32,0x13,0x10,0x31,0x16,0x22,0x15,0x09,0x31,0x13,0x11,0x13,0x21,0x03,0x33,
    0x08,0x09,0x05,0x21,0x08,0x21,0x17,0x11,0x14,0x22,0x05,0x13,0x21,0x0f,0x25,0x12,
    0x09,0x02,0x15,0x14,0x21,0x15,0x11,0x15,0x21,0x01,0x31,0x12,0x22,0x02,0x09,0x21,
    0x04,0x21,0x05,0x21,0x06,0x21,0x09,0x21,0x0d,0x05,0x14,0x15,0x0e,0x09,0x13,0x22,
    0x10,0x00,0x22,0x12,0x05,0x31,0x09,0x41,0x13,0x33,0x0e,0x01,0x12,0x31,0x0f,0x31,
    0x19,0x21,0x13,0x11,0x16,0x11,0x17,0x21,0x01,0x21,0x08,0x22,0x09,0x13,0x21,0x0f,
    0x11,0x19,0x21,0x01,0x21,0x0c,0x23,0x10,0x01,0x0c,0x31,0x05,0x31,0x08,0x11,0x1a,
    0x21,0x05,0x03,0x15,0x01,0x02,0x21,0x03,0x25,0x04,0x12,0x01,0x14,0x09,0x61,0x15,
    0x22,0x0e,0x01,0x31,0x09,0x24,0x12,0x01,0x0e,0x14,0x31,0x04,0x31,0x09,0x04,0x15,
    0x01,0x12,0x14,0x21,0x14,0x21,0x16,0x12,0x02,0x05,0x31,0x0c,0x31,0x12,0x41,0x0f,
    0x21,0x09,0x32,0x0e,0x07,0x23,0x0c,0x05,0x00,0x12,0x03,0x01,0x22,0x09,0x02,0x31,
    0x14,0x22,0x0c,0x05,0x21,0x12,0x21,0x15,0x21,0x19,0x12,0x04,0x04,0x22,0x05,0x12,
    0x32,0x13,0x14,0x31,0x16,0x22,0x09,0x03,0x32,0x05,0x04,0x41,0x13,0x31,0x13,0x31,
    0x14,0x22,0x0f,0x0e,0x41,0x19,0x22,0x13,0x09,0x21,0x15,0x13,0x05,0x01,0x0d,0x22,
    0x0e,0x05,0x04,0x15,0x05,0x0e,0x13,0x32,0x14,0x05,0x23,0x12,0x09,0x0c,0x12,0x06,
    0x01,0x21,0x0c,0x14,0x07,0x08,0x05,0x0e,0x22,0x09,0x0e,0x11,0x09,0x23,0x0c,0x09,
    0x1a,0x21,0x0e,0x31,0x07,0x22,0x12,0x0d,0x22,0x14,0x01,0x21,0x16,0x33,0x05,0x12,
    0x00,0x11,0x0a,0x11,0x0b,0x12,0x0c,0x01,0x31,0x02,0x32,0x14,0x09,0x22,0x03,0x08,
    0x41,0x05,0x23,0x04,0x05,0x12,0x21,0x05,0x31,0x0e,0x22,0x07,0x09,0x21,0x09,0x31,
    0x01,0x32,0x0e,0x07,0x32,0x13,0x08,0x23,0x0c,0x01,0x12,0x32,0x09,0x02,0x05,0x15,
    0x0c,0x0c,0x09,0x13,0x21,0x0d,0x21,0x0f,0x21,0x13,0x32,0x05,0x13,0x22,0x14,0x09,
    0x32,0x12,0x01,0x31,0x15,0x21,0x15,0x31,0x0c,0x21,0x16,0x13,0x0d,0x01,0x02,0x22,
    0x02,0x09,0x32,0x0c,0x19,0x21,0x09,0x32,0x0e,0x07,0x23,0x0f,0x12,0x0f,0x21,0x10,
    0x13,0x0e,0x01,0x14,0x21,0x05,0x31,0x12,0x21,0x09,0x31,0x0d,0x31,0x0e,0x32,0x13,
    0x08,0x31,0x16,0x21,0x13,0x31,0x17,0x23,0x14,0x01,0x02,0x33,0x05,0x12,0x00,0x41,
    0x13,0x21,0x15,0x03,0x15,0x0e,0x19,0x21,0x1a,0x13,0x0f,0x12,0x13,0x21,0x13,0x21,
    0x15,0x12,0x10,0x05,0x32,0x12,0x13,0x22,0x09,0x01,0x32,0x0e,0x07,0x21,0x0c,0x21,
    0x10,0x33,0x0f,0x12,0x14,0x23,0x14,0x09,0x02,0x31,0x15,0x12,0x12,0x01,0x31,0x00,
    0x31,0x07,0x32,0x0c,0x00,0x31,0x13,0x22,0x02,0x05,0x21,0x03,0x21,0x04,0x23,0x05,
    0x01,0x14,0x23,0x06,0x05,0x12,0x31,0x12,0x24,0x09,0x01,0x0c,0x00,0x31,0x06,0x42,
    0x09,0x03,0x31,0x0e,0x31,0x0f,0x31,0x14,0x31,0x1a,0x03,0x15,0x12,0x0c,0x34,0x09,
    0x0e,0x07,0x00,0x22,0x0e,0x0f,0x22,0x0f,0x13,0x22,0x10,0x05,0x31,0x09,0x23,0x13,
    0x05,0x12,0x23,0x14,0x05,0x13,0x32,0x08,0x05,0x31,0x09,0x41,0x05,0x21,0x15,0x11,
    0x13,0x22,0x01,0x04,0x31,0x0e,0x31,0x10,0x21,0x03,0x31,0x09,0x22,0x05,0x01,0x32,
    0x12,0x00,0x22,0x09,0x01,0x31,0x03,0x23,0x0c,0x09,0x0e,0x21,0x10,0x22,0x13,0x0c,
    0x24,0x14,0x05,0x12,0x05,0x31,0x12,0x21,0x15,0x31,0x12,0x13,0x14,0x01,0x02,0x31,
    0x14,0x22,0x05,0x00,0x04,0x15,0x14,0x05,0x0c,0x31,0x0e,0x41,0x09,0x21,0x09,0x33,
    0x0c,0x09,0x1a,0x32,0x0e,0x05,0x41,0x07,0x33,0x0f,0x0e,0x01,0x31,0x13,0x31,0x1a,
    0x21,0x0c,0x22,0x0f,0x06,0x31,0x07,0x35,0x0d,0x01,0x14,0x09,0x03,0x31,0x0e,0x31,
    0x15,0x21,0x13,0x11,0x15,0x21,0x0d,0x11,0x16,0x12,0x18,0x15,0x12,0x1a,0x05,0x02,
    0x16,0x01,0x21,0x00,0x21,0x02,0x23,0x03,0x09,0x0c,0x31,0x15,0x21,0x07,0x31,0x05,
    0x33,0x15,0x05,0x12,0x23,0x0c,0x09,0x05,0x31,0x0f,0x04,0x16,0x01,0x0c,0x15,0x22,
    0x0d,0x0f,0x23,0x0e,0x09,0x1a,0x22,0x10,0x09,0x24,0x12,0x09,0x05,0x04,0x21,0x14,
    0x32,0x09,0x16,0x24,0x15,0x04,0x05,0x16,0x12,0x05,0x00,0x21,0x04,0x21,0x07,0x22,
    0x0c,0x00,0x32,0x0c,0x09,0x31,0x0f,0x31,0x19,0x23,0x0e,0x0f,0x0d,0x32,0x15,0x05,
    0x22,0x12,0x04,0x32,0x05,0x00,0x42,0x09,0x07,0x41,0x0c,0x52,0x19,0x00,0x41,0x0e,
    0x51,0x03,0x41,0x13,0x32,0x09,0x05,0x33,0x0d,0x09,0x0e,0x32,0x13,0x05,0x32,0x14,
    0x08,0x21,0x13,0x31,0x00,0x32,0x14,0x05,0x07,0x16,0x05,0x13,0x14,0x09,0x14,0x05,
    0x22,0x14,0x05,0x41,0x12,0x31,0x19,0x14,0x09,0x01,0x0c,0x09,0x31,0x0e,0x23,0x04,
    0x05,0x00,0x41,0x04,0x41,0x0e,0x41,0x13,0x31,0x09,0x21,0x06,0x22,0x07,0x0e,0x21,
    0x0b,0x21,0x0c,0x32,0x09,0x14,0x41,0x1a,0x21,0x0e,0x31,0x01,0x31,0x03,0x31,0x04,
    0x31,0x07,0x22,0x0f,0x0c,0x31,0x12,0x31,0x15,0x21,0x10,0x22,0x12,0x0f,0x23,0x13,
    0x09,0x14,0x31,0x0f,0x31,0x15,0x22,0x14,0x09,0x31,0x12,0x04,0x16,0x09,0x14,0x19,
    0x21,0x16,0x34,0x09,0x10,0x01,0x12,0x12,0x0f,0x00,0x21,0x09,0x33,0x03,0x05,0x10,
    0x33,0x12,0x04,0x15,0x21,0x0b,0x22,0x0c,0x01,0x31,0x05,0x31,0x14,0x31,0x16,0x22,
    0x0d,0x09,0x23,0x12,0x01,0x02,0x31,0x09,0x31,0x19,0x22,0x14,0x01,0x32,0x05,0x05,
    0x11,0x16,0x11,0x19,0x04,0x17,0x01,0x02,0x0c,0x21,0x03,0x23,0x07,0x05,0x12,0x31,
    0x0f,0x22,0x09,0x14,0x22,0x0c,0x00,0x21,0x0d,0x22,0x12,0x14,0x22,0x13,0x14,0x43,
    0x05,0x17,0x01,0x22,0x14,0x05,0x23,0x16,0x05,0x07,0x05,0x17,0x01,0x16,0x05,0x12,
    0x11,0x02,0x11,0x03,0x15,0x05,0x01,0x12,0x09,0x05,0x32,0x14,0x08,0x22,0x04,0x0e,
    0x23,0x05,0x0b,0x0e,0x31,0x14,0x31,0x16,0x22,0x0c,0x0c,0x21,0x12,0x22,0x13,0x14,
    0x21,0x16,0x12,0x08,0x09,0x11,0x09,0x24,0x04,0x05,0x13,0x10,0x21,0x0c,0x33,0x0c,
    0x09,0x0e,0x23,0x0e,0x04,0x05,0x31,0x07,0x21,0x12,0x22,0x13,0x05,0x22,0x14,0x08,
    0x21,0x1a,0x11,0x0b,0x13,0x0c,0x05,0x13,0x22,0x09,0x0e,0x12,0x0e,0x0f,0x11,0x0f,
    0x23,0x0b,0x05,0x0e,0x21,0x0d,0x23,0x16,0x05,0x0e,0x02,0x17,0x10,0x12,0x12,0x01,
    0x34,0x10,0x01,0x12,0x0f,0x21,0x09,0x32,0x14,0x01,0x43,0x05,0x12,0x00,0x12,0x13,
    0x08,0x21,0x0c,0x22,0x10,0x05,0x21,0x14,0x11,0x14,0x11,0x19,0x02,0x18,0x01,0x22,
    0x03,0x05,0x22,0x07,0x0f,0x21,0x0d,0x21,0x10,0x21,0x13,0x11,0x03,0x11,0x05,0x24,
    0x03,0x15,0x14,0x0f,0x21,0x04,0x22,0x12,0x09,0x31,0x0f,0x11,0x08,0x21,0x09,0x31,
    0x0c,0x21,0x15,0x11,0x09,0x21,0x01,0x21,0x03,0x22,0x04,0x09,0x04,0x18,0x09,0x0d,
    0x05,0x32,0x09,0x1a,0x11,0x0f,0x21,0x02,0x11,0x10,0x23,0x01,0x0e,0x04,0x24,0x05,
    0x03,0x14,0x0f,0x31,0x04,0x11,0x11,0x23,0x15,0x09,0x13,0x11,0x14,0x21,0x09,0x11,
    0x15,0x21,0x01,0x11,0x18,0x03,0x19,0x01,0x03,0x21,0x12,0x21,0x14,0x11,0x02,0x11,
    0x03,0x21,0x05,0x31,0x12,0x21,0x08,0x31,0x05,0x41,0x04,0x22,0x0f,0x0d,0x31,0x14,
    0x11,0x04,0x12,0x05,0x05,0x21,0x12,0x31,0x06,0x21,0x13,0x07,0x19,0x05,0x13,0x14,
    0x05,0x12,0x19,0x21,0x14,0x12,0x07,0x09,0x11,0x08,0x11,0x09,0x12,0x0c,0x01,0x24,
    0x0c,0x01,0x02,0x0c,0x21,0x0f,0x21,0x15,0x14,0x0d,0x02,0x0f,0x0c,0x21,0x05,0x33,
    0x14,0x12,0x19,0x22,0x10,0x01,0x14,0x0e,0x03,0x08,0x12,0x21,0x04,0x21,0x07,0x22,
    0x09,0x03,0x21,0x18,0x11,0x0f,0x21,0x04,0x21,0x07,0x21,0x0d,0x23,0x0e,0x05,0x14,
    0x31,0x13,0x21,0x13,0x13,0x10,0x05,0x04,0x31,0x12,0x21,0x09,0x21,0x0f,0x31,0x03,
    0x22,0x14,0x01,0x21,0x15,0x04,0x19,0x12,0x01,0x0d,0x22,0x09,0x01,0x21,0x0f,0x21,
    0x12,0x12,0x13,0x03,0x21,0x05,0x23,0x09,0x03,0x01,0x31,0x0f,0x31,0x13,0x21,0x0f,
    0x21,0x13,0x21,0x14,0x31,0x01,0x32,0x12,0x0f,0x22,0x15,0x12,0x14,0x14,0x08,0x09,
    0x0e,0x22,0x09,0x03,0x11,0x17,0x02,0x1a,0x01,0x21,0x02,0x21,0x12,0x11,0x02,0x11,
    0x05,0x21,0x0e,0x21,0x10,0x21,0x12,0x31,0x0f,0x21,0x14,0x11,0x09,0x23,0x01,0x0e,
    0x00,0x21,0x0c,0x21,0x13,0x02,0x1a,0x0c,0x11,0x0d,0x11,0x0f,0x21,0x0d,0x22,0x0f,
    0x0c,0x23,0x10,0x08,0x12,0x12,0x14,0x05,0x11,0x1a,0x21,0x17,0x21,0x19,0x01,0x44,
    0x01,0x34,0x01,0x31,0x01,0x33,0x01,0x35,0x01,0x35,0x01,0x44,0x01,0x45,0x01,0x44,
    0x01,0x33,0x01,0x55,0x01,0x35,0x01,0x34,0x01,0x34,0x01,0x33,0x01,0x31,0x01,0x31,
    0x01,0x65,0x01,0x55,0x01,0x31,0x01,0x34,0x01,0x44,0x01,0x34,0x01,0x35,0x01,0x44,
    0x01,0x44,0x01,0x35,0x01,0x33,0x01,0x35,0x01,0x42,0x01,0x44,0x01,0x44,0x01,0x45,
    0x01,0x55,0x01,0x45,0x01,0x34,0x01,0x34,0x01,0x34,0x01,0x65,0x01,0x32,0x01,0x45,
    0x01,0x33,0x01,0x45,0x01,0x34,0x01,0x45,0x01,0x34,0x01,0x33,0x01,0x33,0x01,0x33,
    0x01,0x35,0x01,0x44,0x01,0x75,0x01,0x34,0x02,0x45,0x54,0x01,0x34,0x01,0x55,0x01,
    0x65,0x01,0x43,0x01,0x34,0x01,0x44,0x01,0x32,0x01,0x35,0x01,0x33,0x01,0x53,0x01,
    0x33,0x01,0x33,0x02,0x35,0x55,0x01,0x34,0x01,0x33,0x03,0x41,0x56,0x61,0x01,0x33,
    0x01,0x34,0x01,0x32,0x02,0x55,0x75,0x01,0x45,0x01,0x43,0x01,0x45,0x01,0x32,0x03,
    0x34,0x41,0x61,0x01,0x32,0x02,0x43,0x54,0x01,0x35,0x01,0x34,0x02,0x35,0x51,0x01,
    0x35,0x01,0x34,0x01,0x34,0x01,0x55,0x01,0x45,0x01,0x32,0x02,0x33,0x51,0x02,0x33,
    0x46,0x01,0x33,0x01,0x55,0x01,0x43,0x01,0x43,0x01,0x33,0x01,0x33,0x01,0x45,0x01,
    0x43,0x01,0x45,0x01,0x34,0x01,0x53,0x01,0x33,0x01,0x35,0x01,0x31,0x01,0x33,0x01,
    0x42,0x01,0x32,0x01,0x33,0x02,0x35,0x42,0x01,0x35,0x01,0x34,0x01,0x33,0x02,0x42,
    0x53,0x03,0x36,0x41,0x61,0x01,0x34,0x01,0x34,0x01,0x45,0x01,0x55,0x01,0x32,0x01,
    0x45,0x01,0x36,0x01,0x44,0x01,0x45,0x01,0x41,0x01,0x34,0x01,0x45,0x01,0x32,0x01,
    0x33,0x01,0x34,0x02,0x45,0x55,0x01,0x45,0x01,0x45,0x01,0x45,0x01,0x32,0x02,0x34,
    0x51,0x01,0x43,0x01,0x44,0x01,0x35,0x03,0x45,0x52,0x61,0x01,0x41,0x02,0x31,0x44,
    0x01,0x55,0x01,0x43,0x01,0x33,0x01,0x35,0x01,0x55,0x02,0x36,0x43,0x01,0x34,0x01,
    0x41,0x02,0x41,0x52,0x01,0x32,0x01,0x45,0x01,0x35,0x01,0x35,0x01,0x33,0x01,0x31,
    0x01,0x33,0x01,0x33,0x01,0x34,0x01,0x43,0x01,0x43,0x01,0x45,0x01,0x35,0x01,0x35,
    0x01,0x34,0x01,0x45,0x01,0x32,0x01,0x51,0x01,0x51,0x01,0x41,0x01,0x43,0x01,0x34,
    0x01,0x44,0x01,0x65,0x02,0x45,0x61,0x01,0x42,0x02,0x31,0x44,0x01,0x35,0x01,0x42,
    0x01,0x35,0x01,0x34,0x01,0x45,0x01,0x34,0x01,0x45,0x01,0x45,0x01,0x34,0x01,0x43,
    0x01,0x55,0x01,0x55,0x01,0x55,0x01,0x44,0x01,0x66,0x01,0x64,0x01,0x64,0x02,0x46,
    0x64,0x01,0x64,0x01,0x32,0x01,0x35,0x01,0x32,0x01,0x32,0x01,0x54,0x02,0x46,0x61,
    0x01,0x51,0x01,0x34,0x01,0x45,0x01,0x32,0x01,0x34,0x02,0x35,0x61,0x01,0x34,0x01,
    0x33,0x01,0x45,0x01,0x32,0x01,0x32,0x01,0x44,0x02,0x45,0x55,0x01,0x54,0x01,0x45,
    0x01,0x44,0x01,0x34,0x01,0x45,0x01,0x36,0x01,0x32,0x01,0x45,0x01,0x55,0x01,0x31,
    0x02,0x33,0x55,0x01,0x33,0x01,0x65,0x01,0x31,0x02,0x35,0x65,0x01,0x35,0x01,0x35,
    0x01,0x33,0x01,0x33,0x01,0x43,0x01,0x35,0x01,0x44,0x01,0x35,0x02,0x32,0x43,0x02,
    0x32,0x41,0x01,0x45,0x01,0x34,0x01,0x04,0x01,0x15,0x01,0x15,0x01,0x32,0x01,0x25,
    0x01,0x35,0x02,0x25,0x45,0x01,0x25,0x01,0x15,0x02,0x25,0x35,0x01,0x04,0x01,0x25,
    0x01,0x23,0x01,0x12,0x01,0x14,0x01,0x25,0x01,0x25,0x01,0x15,0x01,0x21,0x01,0x15,
    0x02,0x04,0x12,0x01,0x13,0x01,0x21,0x01,0x13,0x01,0x25,0x01,0x35,0x01,0x23,0x01,
    0x24,0x01,0x12,0x01,0x24,0x01,0x25,0x01,0x02,0x01,0x13,0x01,0x23,0x01,0x34,0x01,
    0x13,0x01,0x13,0x01,0x15,0x01,0x24,0x01,0x23,0x01,0x25,0x01,0x24,0x01,0x04,0x01,
    0x13,0x01,0x25,0x01,0x24,0x01,0x44,0x01,0x12,0x01,0x34,0x01,0x26,0x01,0x14,0x01,
    0x34,0x01,0x25,0x01,0x34,0x01,0x04,0x01,0x21,0x02,0x04,0x24,0x01,0x21,0x01,0x12,
    0x01,0x03,0x01,0x23,0x01,0x15,0x01,0x25,0x01,0x14,0x01,0x13,0x01,0x13,0x01,0x24,
    0x01,0x13,0x01,0x22,0x01,0x15,0x01,0x13,0x01,0x25,0x02,0x14,0x24,0x01,0x35,0x01,
    0x35,0x01,0x35,0x01,0x11,0x01,0x21,0x01,0x25,0x01,0x23,0x01,0x14,0x01,0x04,0x01,
    0x02,0x01,0x23,0x01,0x14,0x02,0x15,0x35,0x01,0x21,0x01,0x24,0x01,0x34,0x01,0x25,
    0x01,0x04,0x01,0x04,0x01,0x15,0x01,0x14,0x01,0x04,0x02,0x05,0x15,0x01,0x05,0x01,
    0x03,0x01,0x04,0x01,0x25,0x01,0x23,0x01,0x35,0x01,0x25,0x01,0x14,0x02,0x14,0x25,
    0x03,0x21,0x43,0x65,0x01,0x25,0x01,0x23,0x01,0x25,0x01,0x25,0x01,0x21,0x01,0x34,
    0x01,0x12,0x01,0x15,0x01,0x45,0x01,0x35,0x01,0x12,0x01,0x23,0x01,0x03,0x01,0x46,
    0x01,0x13,0x01,0x23,0x01,0x44,0x01,0x13,0x01,0x04,0x01,0x44,0x01,0x23,0x01,0x21,
    0x01,0x24,0x01,0x15,0x01,0x13,0x01,0x25,0x01,0x13,0x01,0x02,0x01,0x35,0x01,0x21,
    0x02,0x14,0x21,0x01,0x13,0x02,0x23,0x33,0x01,0x24,0x01,0x15,0x01,0x15,0x01,0x23,
    0x01,0x13,0x01,0x23,0x01,0x23,0x01,0x13,0x01,0x24,0x01,0x05,0x01,0x34,0x02,0x35,
    0x42,0x01,0x25,0x01,0x55,0x01,0x22,0x01,0x24,0x01,0x35,0x01,0x24,0x01,0x22,0x01,
    0x33,0x01,0x24,0x01,0x24,0x01,0x33,0x01,0x54,0x01,0x41,0x01,0x24,0x03,0x23,0x41,
    0x52,0x01,0x41,0x01,0x04,0x01,0x22,0x01,0x24,0x01,0x23,0x01,0x23,0x01,0x15,0x01,
    0x04,0x01,0x44,0x01,0x25,0x02,0x14,0x35,0x01,0x25,0x01,0x13,0x01,0x04,0x01,0x14,
    0x01,0x25,0x01,0x23,0x01,0x23,0x01,0x13,0x01,0x12,0x01,0x45,0x01,0x25,0x01,0x45,
    0x01,0x43,0x01,0x35,0x01,0x13,0x01,0x45,0x02,0x02,0x12,0x01,0x23,0x01,0x15,0x01,
    0x25,0x01,0x23,0x01,0x15,0x01,0x44,0x01,0x33,0x01,0x24,0x01,0x15,0x01,0x25,0x01,
    0x15,0x02,0x25,0x44,0x01,0x44,0x01,0x54,0x01,0x24,0x02,0x23,0x55,0x01,0x25,0x01,
    0x24,0x01,0x25,0x01,0x13,0x01,0x23,0x01,0x15,0x01,0x24,0x01,0x24,0x01,0x21,0x01,
    0x25,0x01,0x23,0x01,0x13,0x01,0x24,0x01,0x25,0x01,0x23,0x01,0x22,0x01,0x22,0x02,
    0x25,0x35,0x01,0x15,0x01,0x13,0x01,0x22,0x01,0x23,0x01,0x22,0x01,0x44,0x01,0x24,
    0x01,0x22,0x01,0x04,0x01,0x24,0x01,0x23,0x01,0x44,0x01,0x15,0x01,0x13,0x01,0x13,
    0x03,0x05,0x15,0x34,0x01,0x33,0x01,0x24,0x01,0x14,0x01,0x25,0x01,0x24,0x01,0x23,
    0x01,0x21,0x01,0x45,0x01,0x25,0x01,0x12,0x01,0x23,0x01,0x25,0x01,0x23,0x01,0x25,
    0x01,0x35,0x01,0x25,0x01,0x23,0x01,0x23,0x01,0x23,0x01,0x45,0x01,0x15,0x01,0x23,
    0x01,0x25,0x01,0x04,0x01,0x35,0x01,0x15,0x03,0x33,0x51,0x61,0x01,0x24,0x01,0x35,
    0x01,0x04,0x01,0x15,0x02,0x25,0x35,0x01,0x21,0x01,0x23,0x01,0x55,0x01,0x23,0x01,
    0x14,0x01,0x12,0x01,0x25,0x01,0x14,0x01,0x14,0x01,0x11,0x01,0x25,0x01,0x24,0x01,
    0x24,0x01,0x25,0x01,0x26,0x01,0x24,0x01,0x12,0x01,0x25,0x01,0x25,0x01,0x23,0x01,
    0x23,0x01,0x12,0x01,0x24,0x01,0x43,0x01,0x44,0x01,0x23,0x02,0x24,0x32,0x02,0x25,
    0x45,0x01,0x35,0x01,0x23,0x01,0x25,0x01,0x35,0x01,0x21,0x01,0x12,0x01,0x23,0x01,
    0x15,0x01,0x34,0x01,0x23,0x01,0x25,0x01,0x25,0x01,0x21,0x01,0x34,0x01,0x23,0x01,
    0x23,0x01,0x25,0x01,0x11,0x01,0x03,0x01,0x23,0x01,0x24,0x01,0x34,0x01,0x24,0x01,
    0x24,0x01,0x25,0x01,0x34,0x01,0x34,0x01,0x34,0x01,0x35,0x01,0x05,0x01,0x42,0x01,
    0x35,0x01,0x24,0x01,0x31,0x01,0x35,0x01,0x34,0x01,0x33,0x01,0x55,0x01,0x44,0x02,
    0x26,0x31,0x01,0x34,0x01,0x01,0x01,0x21,0x01,0x24,0x02,0x02,0x11,0x01,0x12,0x01,
    0x13,0x01,0x34,0x01,0x34,0x02,0x04,0x11,0x01,0x04,0x01,0x44,0x01,0x43,0x02,0x04,
    0x22,0x01,0x23,0x01,0x23,0x01,0x23,0x01,0x23,0x01,0x25,0x01,0x01,0x01,0x21,0x01,
    0x23,0x02,0x04,0x25,0x01,0x25,0x01,0x25,0x02,0x04,0x34,0x01,0x23,0x01,0x25,0x01,
    0x03,0x01,0x35,0x01,0x25,0x01,0x23,0x01,0x22,0x01,0x23,0x01,0x25,0x01,0x02,0x02,
    0x04,0x13,0x01,0x22,0x01,0x24,0x02,0x25,0x32,0x01,0x03,0x01,0x25,0x01,0x24,0x02,
    0x02,0x13,0x01,0x01,0x01,0x23,0x01,0x32,0x02,0x45,0x54,0x01,0x34,0x01,0x25,0x01,
    0x23,0x01,0x35,0x01,0x21,0x01,0x31,0x01,0x25,0x01,0x22,0x02,0x03,0x23,0x02,0x11,
    0x23,0x01,0x23,0x02,0x03,0x35,0x01,0x15,0x01,0x11,0x01,0x24,0x02,0x12,0x22,0x02,
    0x42,0x51,0x01,0x55,0x01,0x14,0x01,0x44,0x01,0x05,0x02,0x42,0x51,0x01,0x13,0x01,
    0x14,0x02,0x42,0x52,0x01,0x44,0x02,0x04,0x11,0x02,0x04,0x13,0x01,0x35,0x01,0x03,
    0x01,0x33,0x01,0x24,0x01,0x33,0x01,0x34,0x01,0x34,0x01,0x35,0x01,0x03,0x01,0x05,
    0x02,0x04,0x11,0x01,0x35,0x01,0x05,0x01,0x05,0x02,0x31,0x55,0x02,0x05,0x34,0x01,
    0x15,0x01,0x45,0x01,0x24,0x03,0x22,0x31,0x41,0x01,0x53,0x01,0x04,0x01,0x04,0x01,
    0x53,0x01,0x44,0x03,0x02,0x15,0x22,0x01,0x44,0x01,0x02,0x01,0x24,0x01,0x14,0x01,
    0x13,0x01,0x34,0x01,0x24,0x01,0x23,0x01,0x44,0x01,0x24,0x01,0x44,0x01,0x23,0x01,
    0x35,0x02,0x36,0x42,0x02,0x36,0x42,0x01,0x44,0x01,0x44,0x01,0x05,0x01,0x04,0x01,
    0x32,0x01,0x03,0x01,0x15,0x01,0x34,0x01,0x11,0x02,0x04,0x15,0x01,0x05,0x01,0x34,
    0x01,0x01,0x01,0x33,0x01,0x21,0x01,0x44,0x02,0x35,0x41,0x01,0x25,0x02,0x04,0x34,
    0x02,0x02,0x15,0x01,0x23,0x01,0x34,0x01,0x45,0x01,0x04,0x01,0x35,0x01,0x34,0x01,
    0x34,0x01,0x35,0x01,0x33,0x01,0x34,0x01,0x44,0x01,0x25,0x01,0x35,0x01,0x45,0x01,
    0x35,0x01,0x04,0x03,0x31,0x41,0x52,0x01,0x24,0x01,0x04,0x01,0x35,0x01,0x13,0x01,
    0x45,0x01,0x34,0x01,0x65,0x01,0x44,0x01,0x43,0x01,0x02,0x01,0x04,0x01,0x04,0x01,
    0x03,0x01,0x05,0x01,0x03,0x01,0x01,0x01,0x03,0x02,0x02,0x34,0x01,0x04,0x01,0x03,
    0x01,0x03,0x01,0x25,0x01,0x04,0x01,0x03,0x02,0x35,0x55,0x01,0x35,0x01,0x34,0x02,
    0x15,0x24,0x01,0x34,0x01,0x02,0x01,0x04,0x02,0x04,0x23,0x01,0x05,0x02,0x25,0x35,
    0x01,0x32,0x01,0x53,0x01,0x04,0x01,0x35,0x01,0x03,0x01,0x25,0x01,0x23,0x01,0x23,
    0x01,0x45,0x02,0x04,0x21,0x01,0x05,0x01,0x25,0x01,0x05,0x01,0x05,0x01,0x03,0x01,
    0x32,0x02,0x03,0x32,0x01,0x04,0x01,0x33,0x01,0x24,0x01,0x01,0x01,0x03,0x02,0x22,
    0x35,0x01,0x35,0x01,0x25,0x01,0x04,0x01,0x05,0x02,0x33,0x43,0x01,0x04,0x01,0x24,
    0x01,0x03,0x01,0x02,0x01,0x02,0x01,0x14,0x01,0x03,0x01,0x33,0x01,0x11,0x01,0x15,
    0x01,0x05,0x01,0x32,0x01,0x44,0x01,0x04,0x01,0x23,0x01,0x04,0x01,0x04,0x01,0x04,
    0x02,0x02,0x11,0x01,0x33,0x01,0x05,0x01,0x21,0x01,0x23,0x03,0x01,0x14,0x24,0x01,
    0x04,0x01,0x15,0x01,0x05,0x01,0x34,0x01,0x34,0x01,0x04,0x01,0x44,0x01,0x34,0x01,
    0x15,0x01,0x01,0x01,0x25,0x01,0x32,0x01,0x02,0x01,0x24,0x01,0x34,0x01,0x23,0x01,
    0x35,0x01,0x05,0x01,0x33,0x01,0x35,0x01,0x34,0x01,0x14,0x01,0x33,0x01,0x35,0x01,
    0x23,0x03,0x26,0x41,0x53,0x01,0x33,0x01,0x24,0x01,0x04,0x01,0x43,0x01,0x34,0x01,
    0x42,0x01,0x31,0x01,0x44,0x01,0x35,0x01,0x35,0x01,0x25,0x01,0x11,0x01,0x45,0x01,
    0x05,0x01,0x05,0x01,0x33,0x01,0x05,0x02,0x04,0x13,0x01,0x34,0x01,0x32,0x01,0x35,
    0x01,0x14,0x01,0x44,0x01,0x05,0x01,0x33,0x02,0x41,0x51,0x02,0x35,0x42,0x01,0x34,
    0x01,0x45,0x01,0x44,0x01,0x34,0x03,0x04,0x13,0x22,0x02,0x02,0x11,0x01,0x34,0x01,
    0x25,0x01,0x15,0x01,0x12,0x01,0x13,0x01,0x14,0x01,0x43,0x03,0x12,0x43,0x66,0x01,
    0x34,0x01,0x14,0x01,0x35,0x01,0x14,0x01,0x14,0x01,0x25,0x01,0x05,0x01,0x34,0x01,
    0x03,0x01,0x22,0x01,0x13,0x01,0x24,0x01,0x03,0x01,0x23,0x01,0x25,0x02,0x35,0x44,
    0x03,0x01,0x22,0x31,0x01,0x25,0x01,0x01,0x01,0x44,0x02,0x03,0x14,0x01,0x24,0x02,
    0x04,0x15,0x01,0x04,0x01,0x01,0x01,0x34,0x02,0x01,0x12,0x01,0x05,0x03,0x02,0x13,
    0x24,0x01,0x44,0x01,0x04,0x01,0x02,0x02,0x02,0x13,0x02,0x22,0x32,0x01,0x33,0x01,
    0x45,0x01,0x45,0x01,0x04,0x01,0x03,0x01,0x41,0x01,0x04,0x01,0x04,0x02,0x05,0x34,
    0x01,0x35,0x01,0x05,0x01,0x11,0x01,0x15,0x02,0x11,0x24,0x02,0x25,0x35,0x02,0x12,
    0x25,0x01,0x02,0x01,0x45,0x01,0x24,0x01,0x35,0x01,0x24,0x01,0x54,0x01,0x24,0x02,
    0x25,0x61,0x02,0x22,0x35,0x01,0x25,0x02,0x02,0x11,0x01,0x04,0x02,0x23,0x53,0x01,
    0x25,0x01,0x44,0x02,0x35,0x45,0x01,0x25,0x01,0x14,0x01,0x05,0x01,0x03,0x01,0x35,
    0x01,0x25,0x01,0x24,0x01,0x55,0x01,0x22,0x01,0x01,0x01,0x24,0x01,0x23,0x01,0x55,
    0x01,0x23,0x01,0x21,0x01,0x23,0x01,0x44,0x01,0x22,0x01,0x13,0x01,0x14,0x01,0x05,
    0x01,0x45,0x01,0x35,0x01,0x32,0x01,0x12,0x01,0x21,0x01,0x33,0x02,0x22,0x35,0x01,
    0x33,0x01,0x23,0x01,0x24,0x01,0x21,0x01,0x22,0x01,0x22,0x01,0x21,0x01,0x33,0x01,
    0x04,0x02,0x04,0x11,0x01,0x14,0x02,0x13,0x34,0x01,0x21,0x01,0x12,0x02,0x11,0x22,
    0x01,0x05,0x03,0x01,0x14,0x23,0x01,0x35,0x01,0x31,0x01,0x24,0x01,0x14,0x01,0x03,
    0x01,0x03,0x02,0x05,0x23,0x01,0x11,0x01,0x35,0x01,0x23,0x01,0x24,0x02,0x03,0x21,
    0x01,0x11,0x01,0x01,0x01,0x03,0x01,0x05,0x01,0x25,0x01,0x01,0x01,0x35,0x01,0x24,
    0x01,0x32,0x01,0x21,0x01,0x22,0x01,0x22,0x01,0x45,0x01,0x31,0x01,0x05,0x02,0x14,
    0x33,0x01,0x12,0x02,0x01,0x21,0x01,0x11,0x02,0x15,0x22,0x02,0x04,0x15,0x01,0x03,
    0x02,0x02,0x11,0x01,0x03,0x01,0x03,0x01,0x04,0x03,0x02,0x11,0x32,0x02,0x02,0x13,
    0x02,0x04,0x15,0x01,0x02,0x01,0x11,0x03,0x04,0x11,0x24,0x01,0x01,0x01,0x03,0x01,
    0x25,0x01,0x05,0x02,0x02,0x15,0x01,0x14,0x01,0x24,0x01,0x44,0x01,0x25,0x01,0x35,
    0x01,0x23,0x01,0x44,0x01,0x33,0x01,0x34,0x01,0x14,0x01,0x03,0x02,0x04,0x15,0x01,
    0x24,0x02,0x03,0x25,0x01,0x03,0x01,0x11,0x01,0x01,0x01,0x45,0x01,0x04,0x01,0x34,
    0x01,0x45,0x01,0x05,0x02,0x41,0x55,0x01,0x34,0x02,0x42,0x51,0x01,0x44,0x03,0x11,
    0x33,0x75,0x02,0x43,0x55,0x01,0x34,0x01,0x04,0x01,0x05,0x01,0x04,0x03,0x02,0x11,
    0x22,0x01,0x24,0x01,0x14,0x01,0x14,0x01,0x13,0x01,0x12,0x01,0x01,0x02,0x11,0x21,
    0x01,0x22,0x01,0x22,0x01,0x11,0x01,0x35,0x01,0x04,0x01,0x04,0x01,0x25,0x01,0x24,
    0x01,0x13,0x01,0x34,0x01,0x24,0x03,0x21,0x41,0x51,0x01,0x04,0x01,0x24,0x01,0x11,
    0x01,0x11,0x01,0x12,0x01,0x05,0x01,0x24,0x01,0x35,0x02,0x11,0x24,0x01,0x13,0x01,
    0x31,0x01,0x35,0x01,0x24,0x01,0x25,0x01,0x24,0x01,0x35,0x01,0x33,0x01,0x33,0x01,
    0x15,0x02,0x24,0x33,0x01,0x33,0x01,0x34,0x01,0x35,0x01,0x34,0x01,0x34,0x01,0x35,
    0x01,0x32,0x01,0x43,0x01,0x25,0x01,0x13,0x01,0x43,0x01,0x22,0x01,0x35,0x01,0x43,
    0x01,0x15,0x02,0x14,0x23,0x01,0x22,0x01,0x33,0x01,0x35,0x01,0x35,0x02,0x02,0x11,
    0x01,0x14,0x01,0x14,0x01,0x14,0x01,0x14,0x01,0x13,0x01,0x14,0x01,0x45,0x01,0x45,
    0x01,0x11,0x01,0x25,0x01,0x13,0x01,0x22,0x01,0x14,0x01,0x25,0x01,0x25,0x01,0x25,
    0x01,0x23,0x01,0x34,0x01,0x15,0x01,0x14,0x01,0x14,0x01,0x12,0x01,0x14,0x01,0x14,
    0x01,0x14,0x01,0x12,0x01,0x23,0x01,0x35,0x01,0x11,0x01,0x14,0x01,0x24,0x01,0x24,
    0x01,0x11,0x01,0x14,0x01,0x23,0x02,0x02,0x12,0x02,0x04,0x23,0x02,0x14,0x21,0x01,
    0x34,0x01,0x31,0x01,0x04,0x01,0x13,0x01,0x23,0x01,0x23,0x01,0x23,0x01,0x21,0x01,
    0x35,0x01,0x04,0x01,0x14,0x01,0x42,0x01,0x14,0x01,0x14,0x01,0x21,0x01,0x25,0x01,
    0x22,0x01,0x33,0x01,0x22,0x01,0x33,0x01,0x24,0x01,0x22,0x01,0x24,0x02,0x24,0x31,
    0x02,0x22,0x34,0x01,0x44,0x01,0x24,0x01,0x15,0x01,0x11,0x02,0x14,0x23,0x01,0x01,
    0x01,0x14,0x01,0x05,0x01,0x44,0x01,0x13,0x02,0x25,0x35,0x01,0x03,0x01,0x45,0x01,
    0x14,0x01,0x04,0x01,0x44,0x01,0x25,0x01,0x24,0x01,0x25,0x02,0x15,0x45,0x01,0x25,
    0x01,0x14,0x01,0x14,0x01,0x21,0x01,0x15,0x01,0x05,0x02,0x11,0x24,0x01,0x44,0x01,
    0x22,0x01,0x15,0x01,0x25,0x01,0x32,0x01,0x25,0x01,0x13,0x01,0x13,0x01,0x11,0x01,
    0x15,0x01,0x34,0x01,0x33,0x01,0x23,0x01,0x15,0x01,0x11,0x01,0x14,0x01,0x25,0x01,
    0x34,0x01,0x24,0x01,0x11,0x01,0x14,0x01,0x14,0x01,0x44,0x01,0x25,0x01,0x14,0x01,
    0x54,0x01,0x13,0x01,0x25,0x01,0x05,0x01,0x14,0x01,0x23,0x01,0x15,0x02,0x14,0x21,
    0x01,0x11,0x01,0x22,0x01,0x22,0x01,0x13,0x02,0x14,0x25,0x01,0x23,0x01,0x13,0x01,
    0x25,0x01,0x15,0x02,0x14,0x23,0x01,0x13,0x01,0x12,0x01,0x25,0x02,0x32,0x41,0x02,
    0x13,0x43,0x01,0x04,0x01,0x24,0x01,0x44,0x01,0x11,0x01,0x15,0x01,0x25,0x01,0x23,
    0x01,0x22,0x01,0x24,0x01,0x15,0x01,0x25,0x01,0x14,0x01,0x14,0x01,0x15,0x01,0x25,
    0x01,0x25,0x01,0x11,0x01,0x12,0x01,0x14,0x01,0x23,0x01,0x34,0x01,0x25,0x02,0x21,
    0x42,0x01,0x25,0x02,0x23,0x33,0x01,0x14,0x01,0x25,0x01,0x15,0x01,0x23,0x01,0x05,
    0x01,0x34,0x01,0x55,0x01,0x23,0x01,0x14,0x01,0x25,0x01,0x33,0x01,0x13,0x01,0x25,
    0x01,0x14,0x01,0x44,0x01,0x23,0x01,0x21,0x01,0x15,0x01,0x15,0x01,0x23,0x01,0x25,
    0x01,0x25,0x01,0x25,0x01,0x23,0x01,0x13,0x01,0x25,0x01,0x15,0x01,0x15,0x01,0x13,
    0x01,0x23,0x01,0x23,0x01,0x15,0x01,0x05,0x01,0x04,0x01,0x04,0x01,0x34,0x01,0x14,
    0x01,0x23,0x01,0x24,0x01,0x35,0x01,0x04,0x01,0x23,0x01,0x25,0x01,0x13,0x02,0x04,
    0x23,0x01,0x15,0x01,0x22,0x01,0x23,0x02,0x14,0x34,0x01,0x13,0x01,0x33,0x01,0x11,
    0x01,0x23,0x01,0x25,0x01,0x34,0x01,0x14,0x01,0x24,0x01,0x15,0x01,0x15,0x01,0x12,
    0x01,0x13,0x01,0x25,0x01,0x15,0x01,0x13,0x01,0x25,0x01,0x44,0x05,0x01,0x16,0x23,
    0x33,0x71,0x01,0x14,0x01,0x11,0x01,0x14,0x01,0x25,0x01,0x14,0x01,0x23,0x01,0x13,
    0x01,0x14,0x01,0x24,0x02,0x25,0x45,0x01,0x14,0x01,0x25,0x01,0x11,0x01,0x43,0x03,
    0x14,0x23,0x43,0x01,0x21,0x01,0x34,0x01,0x04,0x01,0x23,0x01,0x04,0x01,0x02,0x01,
    0x24,0x01,0x23,0x01,0x24,0x01,0x02,0x01,0x13,0x01,0x35,0x01,0x33,0x01,0x25,0x01,
    0x23,0x01,0x25,0x01,0x25,0x01,0x04,0x01,0x23,0x01,0x34,0x01,0x25,0x01,0x23,0x01,
    0x44,0x01,0x21,0x01,0x21,0x02,0x11,0x44,0x03,0x12,0x23,0x34,0x01,0x05,0x01,0x13,
    0x01,0x34,0x01,0x23,0x01,0x11,0x01,0x04,0x01,0x24,0x01,0x34,0x01,0x14,0x02,0x23,
    0x34,0x01,0x24,0x01,0x04,0x01,0x05,0x01,0x23,0x01,0x02,0x01,0x25,0x01,0x15,0x01,
    0x34,0x01,0x21,0x01,0x21,0x01,0x23,0x01,0x33,0x01,0x04,0x01,0x23,0x01,0x04,0x01,
    0x34,0x01,0x05,0x02,0x11,0x24,0x01,0x14,0x01,0x14,0x01,0x22,0x01,0x12,0x01,0x25,
    0x01,0x13,0x01,0x25,0x02,0x11,0x22,0x01,0x12,0x01,0x25,0x01,0x25,0x01,0x14,0x01,
    0x14,0x01,0x14,0x01,0x04,0x01,0x13,0x01,0x35,0x01,0x11,0x01,0x12,0x01,0x12,0x01,
    0x25,0x01,0x25,0x02,0x12,0x25,0x02,0x24,0x34,0x01,0x44,0x01,0x34,0x01,0x15,0x01,
    0x24,0x01,0x12,0x01,0x23,0x01,0x12,0x01,0x25,0x01,0x11,0x02,0x13,0x56,0x01,0x23,
    0x01,0x25,0x01,0x24,0x01,0x02,0x02,0x24,0x44,0x01,0x54,0x01,0x23,0x01,0x25,0x02,
    0x04,0x22,0x01,0x13,0x01,0x02,0x01,0x15,0x01,0x65,0x01,0x12,0x01,0x25,0x01,0x24,
    0x01,0x34,0x01,0x44,0x01,0x13,0x01,0x53,0x03,0x31,0x46,0x51,0x01,0x21,0x01,0x15,
    0x01,0x44,0x01,0x34,0x01,0x15,0x01,0x15,0x01,0x25,0x01,0x04,0x01,0x25,0x01,0x13,
    0x01,0x13,0x01,0x23,0x01,0x25,0x01,0x23,0x01,0x25,0x01,0x23,0x01,0x25,0x01,0x25,
    0x01,0x04,0x03,0x05,0x22,0x61,0x01,0x15,0x01,0x13,0x01,0x23,0x01,0x34,0x01,0x44,
    0x01,0x45,0x01,0x25,0x02,0x32,0x45,0x01,0x12,0x01,0x25,0x01,0x15,0x01,0x23,0x01,
    0x43,0x01,0x15,0x01,0x44,0x01,0x21,0x01,0x15,0x01,0x11,0x01,0x23,0x01,0x34,0x01,
    0x14,0x01,0x34,0x01,0x15,0x01,0x15,0x01,0x11,0x01,0x14,0x01,0x15,0x01,0x13,0x01,
    0x45,0x01,0x23,0x01,0x13,0x01,0x01,0x01,0x05,0x01,0x05,0x01,0x34,0x01,0x01,0x01,
    0x23,0x01,0x33,0x01,0x24,0x01,0x04,0x01,0x44,0x01,0x45,0x02,0x04,0x24,0x01,0x35,
    0x01,0x05,0x01,0x35,0x01,0x23,0x01,0x23,0x01,0x04,0x01,0x55,0x02,0x04,0x15,0x01,
    0x04,0x01,0x04,0x01,0x44,0x01,0x53,0x01,0x24,0x01,0x31,0x01,0x04,0x01,0x05,0x01,
    0x02,0x01,0x23,0x01,0x24,0x01,0x32,0x01,0x45,0x01,0x31,0x01,0x51,0x01,0x05,0x01,
    0x34,0x02,0x04,0x11,0x01,0x14,0x01,0x14,0x01,0x15,0x02,0x12,0x25,0x01,0x14,0x01,
    0x12,0x01,0x04,0x01,0x01,0x01,0x23,0x02,0x02,0x13,0x02,0x04,0x13,0x01,0x13,0x01,
    0x04,0x01,0x13,0x01,0x23,0x01,0x03,0x01,0x34,0x01,0x05,0x01,0x05,0x01,0x04,0x01,
    0x23,0x01,0x25,0x01,0x55,0x01,0x35,0x01,0x45,0x01,0x04,0x01,0x02,0x01,0x05,0x02,
    0x32,0x45,0x01,0x22,0x02,0x11,0x33,0x01,0x34,0x01,0x34,0x01,0x35,0x02,0x14,0x22,
    0x02,0x31,0x46,0x01,0x15,0x01,0x44,0x01,0x33,0x01,0x42,0x01,0x03,0x02,0x12,0x35,
    0x01,0x04,0x01,0x04,0x01,0x01,0x01,0x05,0x01,0x34,0x01,0x34,0x01,0x22,0x01,0x25,
    0x01,0x35,0x01,0x45,0x01,0x34,0x01,0x45,0x01,0x35,0x02,0x04,0x15,0x01,0x34,0x01,
    0x15,0x01,0x45,0x01,0x32,0x01,0x44,0x01,0x45,0x02,0x02,0x13,0x01,0x02,0x01,0x14,
    0x01,0x12,0x01,0x03,0x01,0x25,0x01,0x04,0x01,0x24,0x01,0x25,0x01,0x23,0x01,0x44,
    0x01,0x34,0x01,0x04,0x01,0x01,0x01,0x01,0x01,0x34,0x01,0x05,0x01,0x03,0x01,0x23,
    0x01,0x02,0x01,0x25,0x01,0x15,0x01,0x35,0x01,0x23,0x01,0x45,0x01,0x04,0x02,0x35,
    0x44,0x01,0x44,0x01,0x43,0x01,0x04,0x01,0x04,0x01,0x13,0x01,0x24,0x01,0x02,0x01,
    0x02,0x01,0x44,0x01,0x34,0x01,0x25,0x01,0x25,0x01,0x04,0x01,0x01,0x01,0x24,0x01,
    0x32,0x01,0x25,0x01,0x04,0x01,0x04,0x01,0x01,0x02,0x23,0x31,0x01,0x23,0x01,0x14,
    0x01,0x05,0x01,0x45,0x01,0x32,0x01,0x04,0x01,0x24,0x01,0x24,0x03,0x04,0x11,0x22,
    0x01,0x12,0x01,0x13,0x01,0x45,0x01,0x34,0x01,0x23,0x01,0x25,0x01,0x24,0x01,0x31,
    0x01,0x05,0x02,0x01,0x24,0x01,0x35,0x01,0x11,0x01,0x05,0x01,0x14,0x01,0x45,0x01,
    0x05,0x01,0x34,0x01,0x13,0x02,0x03,0x14,0x01,0x35,0x02,0x05,0x14,0x01,0x05,0x01,
    0x03,0x01,0x34,0x01,0x13,0x01,0x24,0x01,0x05,0x01,0x03,0x01,0x22,0x01,0x34,0x01,
    0x45,0x01,0x05,0x01,0x01,0x01,0x11,0x01,0x34,0x01,0x13,0x02,0x04,0x11,0x01,0x03,
    0x02,0x05,0x35,0x01,0x33,0x01,0x11,0x01,0x14,0x01,0x24,0x01,0x14,0x02,0x01,0x12,
    0x01,0x41,0x01,0x44,0x01,0x11,0x01,0x12,0x01,0x14,0x01,0x11,0x01,0x35,0x01,0x14,
    0x02,0x12,0x21,0x01,0x12,0x01,0x01,0x01,0x03,0x01,0x35,0x01,0x05,0x03,0x03,0x14,
    0x24,0x01,0x23,0x01,0x32,0x03,0x04,0x13,0x23,0x01,0x55,0x01,0x23,0x05,0x02,0x11,
    0x24,0x33,0x41,0x01,0x05,0x01,0x25,0x01,0x35,0x01,0x05,0x01,0x31,0x01,0x13,0x01,
    0x01,0x01,0x04,0x01,0x14,0x01,0x42,0x01,0x05,0x01,0x15,0x01,0x55,0x01,0x05,0x01,
    0x04,0x01,0x04,0x01,0x34,0x01,0x04,0x01,0x51,0x01,0x04,0x01,0x14,0x01,0x44,0x01,
    0x22,0x01,0x15,0x01,0x33,0x01,0x24,0x01,0x03,0x01,0x02,0x02,0x05,0x35,0x01,0x03,
    0x01,0x03,0x02,0x04,0x24,0x01,0x11,0x01,0x13,0x01,0x01,0x03,0x02,0x15,0x23,0x01,
    0x25,0x02,0x13,0x34,0x01,0x44,0x01,0x34,0x01,0x34,0x01,0x15,0x01,0x41,0x01,0x23,
    0x01,0x43,0x01,0x24,0x01,0x34,0x01,0x34,0x01,0x05,0x01,0x34,0x01,0x45,0x01,0x45,
    0x02,0x15,0x25,0x01,0x34,0x01,0x34,0x03,0x22,0x33,0x55,0x01,0x33,0x01,0x35,0x01,
    0x23,0x01,0x25,0x01,0x32,0x01,0x43,0x01,0x34,0x01,0x45,0x01,0x35,0x01,0x35,0x01,
    0x51,0x01,0x44,0x01,0x05,0x01,0x33,0x01,0x11,0x01,0x01,0x01,0x03,0x01,0x24,0x01,
    0x15,0x01,0x14,0x02,0x25,0x45,0x02,0x23,0x34,0x01,0x34,0x01,0x34,0x01,0x15,0x01,
    0x34,0x01,0x22,0x01,0x44,0x01,0x35,0x01,0x35,0x01,0x35,0x01,0x14,0x01,0x43,0x01,
    0x34,0x01,0x45,0x01,0x13,0x01,0x15,0x01,0x13,0x01,0x11,0x02,0x22,0x35,0x01,0x24,
    0x01,0x34,0x01,0x34,0x02,0x32,0x43,0x01,0x11,0x01,0x11,0x01,0x25,0x01,0x24,0x01,
    0x45,0x02,0x14,0x32,0x01,0x54,0x01,0x14,0x01,0x44,0x01,0x24,0x04,0x13,0x25,0x51,
    0x64,0x01,0x34,0x01,0x23,0x01,0x34,0x01,0x34,0x01,0x33,0x01,0x34,0x01,0x43,0x01,
    0x45,0x01,0x22,0x01,0x04,0x03,0x04,0x11,0x24,0x01,0x44,0x01,0x12,0x01,0x33,0x02,
    0x04,0x11,0x01,0x44,0x02,0x02,0x11,0x01,0x43,0x01,0x15,0x01,0x15,0x01,0x24,0x01,
    0x44,0x01,0x35,0x02,0x03,0x34,0x01,0x24,0x01,0x43,0x01,0x34,0x01,0x25,0x01,0x03,
    0x01,0x44,0x01,0x35,0x02,0x26,0x31,0x01,0x25,0x01,0x43,0x01,0x25,0x01,0x34,0x01,
    0x25,0x01,0x31,0x01,0x01,0x01,0x53,0x01,0x35,0x02,0x04,0x15,0x02,0x04,0x24,0x01,
    0x45,0x01,0x35,0x01,0x33,0x03,0x04,0x11,0x22,0x01,0x14,0x01,0x14,0x01,0x21,0x02,
    0x12,0x21,0x01,0x25,0x01,0x14,0x01,0x24,0x01,0x24,0x01,0x35,0x01,0x34,0x02,0x33,
    0x44,0x01,0x24,0x01,0x11,0x01,0x14,0x01,0x23,0x01,0x23,0x01,0x41,0x01,0x22,0x02,
    0x02,0x11,0x01,0x12,0x01,0x34,0x01,0x35,0x01,0x12,0x01,0x04,0x01,0x33,0x02,0x04,
    0x34,0x01,0x25,0x01,0x44,0x01,0x14,0x01,0x24,0x01,0x14,0x01,0x34,0x01,0x23,0x01,
    0x25,0x01,0x25,0x01,0x23,0x01,0x25,0x01,0x25,0x01,0x11,0x01,0x23,0x01,0x15,0x01,
    0x11,0x02,0x12,0x25,0x01,0x15,0x01,0x04,0x01,0x05,0x01,0x04,0x01,0x14,0x01,0x14,
    0x01,0x45,0x01,0x14,0x01,0x44,0x01,0x04,0x01,0x04,0x01,0x02,0x01,0x15,0x01,0x25,
    0x01,0x12,0x01,0x23,0x01,0x14,0x02,0x12,0x25,0x02,0x04,0x11,0x01,0x05,0x01,0x14,
    0x01,0x24,0x01,0x42,0x02,0x24,0x33,0x01,0x23,0x01,0x24,0x01,0x25,0x01,0x13,0x01,
    0x02,0x01,0x14,0x01,0x25,0x01,0x25,0x01,0x33,0x01,0x34,0x01,0x12,0x01,0x25,0x01,
    0x34,0x01,0x15,0x01,0x23,0x01,0x24,0x01,0x35,0x01,0x21,0x01,0x25,0x01,0x13,0x01,
    0x14,0x01,0x23,0x01,0x14,0x01,0x12,0x01,0x25,0x02,0x02,0x24,0x01,0x34,0x02,0x05,
    0x25,0x01,0x43,0x02,0x35,0x44,0x01,0x34,0x01,0x15,0x01,0x13,0x01,0x11,0x01,0x13,
    0x01,0x11,0x01,0x13,0x01,0x04,0x01,0x41,0x01,0x25,0x01,0x35,0x01,0x24,0x01,0x04,
    0x01,0x13,0x01,0x13,0x01,0x04,0x01,0x02,0x01,0x35,0x01,0x23,0x01,0x43,0x01,0x04,
    0x01,0x13,0x01,0x23,0x01,0x23,0x01,0x23,0x02,0x14,0x24,0x01,0x34,0x01,0x51,0x01,
    0x12,0x01,0x23,0x01,0x25,0x01,0x15,0x01,0x35,0x01,0x21,0x01,0x13,0x03,0x04,0x15,
    0x24,0x01,0x13,0x01,0x14,0x01,0x04,0x01,0x11,0x02,0x23,0x34,0x01,0x14,0x02,0x12,
    0x25,0x01,0x35,0x01,0x13,0x01,0x21,0x01,0x44,0x01,0x25,0x01,0x21,0x01,0x23,0x01,
    0x22,0x01,0x23,0x01,0x24,0x01,0x02,0x01,0x22,0x01,0x35,0x01,0x04,0x01,0x23,0x01,
    0x24,0x01,0x25,0x01,0x23,0x01,0x14,0x01,0x23,0x01,0x35,0x01,0x65,0x01,0x04,0x01,
    0x21,0x01,0x25,0x01,0x35,0x01,0x15,0x01,0x04,0x01,0x24,0x01,0x13,0x02,0x23,0x53,
    0x01,0x12,0x01,0x23,0x01,0x02,0x02,0x14,0x23,0x01,0x04,0x01,0x54,0x01,0x23,0x01,
    0x04,0x01,0x25,0x01,0x02,0x01,0x13,0x01,0x44,0x01,0x15,0x02,0x51,0x62,0x01,0x04,
    0x01,0x04,0x01,0x25,0x01,0x04,0x01,0x25,0x01,0x04,0x01,0x04,0x01,0x02,0x01,0x15,
    0x01,0x14,0x01,0x23,0x01,0x21,0x01,0x15,0x01,0x15,0x01,0x05,0x01,0x23,0x01,0x04,
    0x01,0x04,0x01,0x02,0x02,0x02,0x11,0x02,0x14,0x34,0x01,0x34,0x01,0x14,0x01,0x02,
    0x01,0x23,0x01,0x55,0x01,0x02,0x02,0x02,0x24,0x01,0x21,0x01,0x15,0x01,0x04,0x01,
    0x02,0x01,0x04,0x01,0x44,0x01,0x22,0x01,0x11,0x01,0x24,0x01,0x33,0x01,0x34,0x01,
    0x33,0x01,0x25,0x01,0x33,0x01,0x14,0x01,0x25,0x01,0x15,0x01,0x24,0x01,0x14,0x01,
    0x02,0x01,0x34,0x01,0x64,0x01,0x23,0x01,0x24,0x02,0x24,0x44,0x01,0x23,0x01,0x13,
    0x01,0x25,0x01,0x23,0x02,0x23,0x43,0x01,0x04,0x01,0x11,0x01,0x34,0x01,0x14,0x01,
    0x35,0x01,0x34,0x01,0x14,0x02,0x14,0x44,0x01,0x14,0x01,0x25,0x01,0x21,0x01,0x35,
    0x01,0x24,0x01,0x33,0x03,0x05,0x15,0x22,0x01,0x24,0x01,0x34,0x01,0x05,0x02,0x46,
    0x53,0x01,0x25,0x01,0x02,0x01,0x25,0x01,0x23,0x01,0x45,0x02,0x02,0x21,0x01,0x23,
    0x01,0x04,0x01,0x23,0x01,0x03,0x01,0x25,0x01,0x23,0x01,0x35,0x01,0x23,0x01,0x34,
    0x01,0x15,0x01,0x25,0x02,0x04,0x24,0x01,0x54,0x01,0x04,0x01,0x12,0x01,0x35,0x01,
    0x21,0x01,0x22,0x01,0x24,0x02,0x04,0x21,0x01,0x24,0x01,0x54,0x01,0x24,0x01,0x24,
    0x01,0x21,0x01,0x21,0x01,0x34,0x01,0x04,0x01,0x12,0x01,0x25,0x01,0x04,0x01,0x34,
    0x01,0x14,0x02,0x04,0x35,0x01,0x13,0x01,0x13,0x01,0x02,0x01,0x23,0x01,0x15,0x01,
    0x24,0x01,0x11,0x01,0x02,0x02,0x35,0x42,0x01,0x11,0x01,0x04,0x02,0x04,0x12,0x01,
    0x23,0x02,0x05,0x15,0x01,0x23,0x01,0x25,0x01,0x12,0x02,0x45,0x65,0x01,0x02,0x01,
    0x04,0x01,0x14,0x03,0x12,0x25,0x35,0x01,0x04,0x01,0x14,0x01,0x25,0x01,0x04,0x01,
    0x23,0x01,0x15,0x01,0x23,0x01,0x04,0x01,0x11,0x01,0x02,0x01,0x23,0x01,0x23,0x02,
    0x14,0x23,0x01,0x14,0x01,0x25,0x01,0x25,0x01,0x21,0x01,0x15,0x02,0x23,0x33,0x02,
    0x14,0x23,0x02,0x04,0x15,0x01,0x24,0x01,0x04,0x01,0x04,0x01,0x34,0x01,0x05,0x01,
    0x05,0x01,0x34,0x01,0x43,0x01,0x24,0x02,0x51,0x62,0x01,0x01,0x02,0x21,0x41,0x01,
    0x35,0x01,0x04,0x01,0x04,0x01,0x33,0x01,0x24,0x01,0x05,0x01,0x03,0x01,0x13,0x01,
    0x15,0x01,0x44,0x01,0x34,0x01,0x11,0x01,0x12,0x01,0x01,0x01,0x24,0x01,0x25,0x02,
    0x01,0x26,0x02,0x13,0x34,0x01,0x11,0x01,0x34,0x01,0x13,0x01,0x24,0x01,0x13,0x01,
    0x24,0x01,0x11,0x01,0x05,0x02,0x05,0x12,0x01,0x14,0x01,0x45,0x01,0x14,0x01,0x14,
    0x01,0x34,0x01,0x15,0x02,0x01,0x25,0x01,0x34,0x01,0x24,0x01,0x34,0x01,0x15,0x01,
    0x24,0x01,0x11,0x01,0x04,0x01,0x04,0x01,0x11,0x01,0x15,0x02,0x01,0x12,0x01,0x25,
    0x01,0x44,0x01,0x13,0x01,0x01,0x01,0x35,0x03,0x04,0x11,0x22,0x01,0x14,0x01,0x13,
    0x01,0x24,0x01,0x14,0x01,0x15,0x01,0x11,0x01,0x33,0x01,0x14,0x01,0x44,0x03,0x24,
    0x33,0x45,0x01,0x14,0x01,0x23,0x01,0x34,0x02,0x36,0x43,0x01,0x33,0x01,0x03,0x01,
    0x34,0x01,0x35,0x01,0x34,0x02,0x35,0x51,0x01,0x34,0x01,0x33,0x01,0x34,0x01,0x25,
    0x01,0x04,0x01,0x04,0x01,0x04,0x02,0x24,0x34,0x02,0x02,0x11,0x01,0x44,0x03,0x04,
    0x11,0x22,0x01,0x34,0x01,0x13,0x03,0x13,0x56,0x61,0x01,0x13,0x01,0x02,0x01,0x12,
    0x01,0x24,0x01,0x24,0x01,0x34,0x01,0x25,0x01,0x13,0x01,0x14,0x01,0x22,0x01,0x46,
    0x02,0x34,0x41,0x01,0x24,0x03,0x01,0x33,0x56,0x01,0x45,0x01,0x05,0x03,0x23,0x36,
    0x52,0x01,0x05,0x01,0x24,0x01,0x35,0x01,0x04,0x01,0x03,0x01,0x05,0x02,0x01,0x21,
    0x01,0x01,0x01,0x23,0x01,0x24,0x01,0x45,0x01,0x34,0x01,0x03,0x02,0x03,0x14,0x01,
    0x14,0x01,0x32,0x01,0x25,0x01,0x05,0x01,0x03,0x01,0x05,0x01,0x13,0x01,0x34,0x01,
    0x34,0x01,0x34,0x01,0x03,0x01,0x04,0x01,0x02,0x01,0x15,0x03,0x04,0x11,0x24,0x01,
    0x15,0x01,0x43,0x01,0x14,0x01,0x33,0x02,0x02,0x13,0x01,0x24,0x01,0x22,0x01,0x45,
    0x01,0x24,0x01,0x24,0x01,0x25,0x01,0x05,0x01,0x24,0x01,0x04,0x01,0x04,0x01,0x14,
    0x01,0x13,0x01,0x13,0x01,0x35,0x01,0x03,0x01,0x33,0x01,0x14,0x01,0x24,0x01,0x05,
    0x01,0x03,0x01,0x24,0x01,0x03,0x03,0x04,0x14,0x24,0x01,0x34,0x01,0x33,0x01,0x24,
    0x02,0x14,0x34,0x01,0x14,0x02,0x01,0x14,0x01,0x33,0x01,0x33,0x01,0x45,0x01,0x25,
    0x02,0x04,0x14,0x01,0x34,0x01,0x11,0x01,0x12,0x02,0x41,0x55,0x01,0x05,0x02,0x15,
    0x25,0x01,0x33,0x01,0x11,0x01,0x04,0x01,0x33,0x01,0x13,0x01,0x34,0x01,0x11,0x01,
    0x14,0x01,0x12,0x01,0x15,0x01,0x13,0x01,0x13,0x01,0x13,0x02,0x13,0x34,0x02,0x13,
    0x34,0x01,0x21,0x01,0x22,0x02,0x12,0x44,0x01,0x15,0x02,0x12,0x23,0x01,0x24,0x01,
    0x65,0x01,0x25,0x01,0x15,0x01,0x02,0x01,0x15,0x01,0x23,0x01,0x14,0x01,0x44,0x02,
    0x15,0x33,0x03,0x02,0x11,0x22,0x01,0x03,0x01,0x44,0x01,0x46,0x01,0x35,0x03,0x21,
    0x51,0x61,0x01,0x24,0x01,0x04,0x01,0x22,0x01,0x03,0x01,0x15,0x01,0x03,0x01,0x33,
    0x01,0x05,0x01,0x34,0x02,0x13,0x23,0x01,0x45,0x01,0x05,0x01,0x33,0x01,0x13,0x01,
    0x44,0x01,0x24,0x01,0x25,0x01,0x35,0x01,0x05,0x01,0x35,0x01,0x05,0x01,0x05,0x01,
    0x34,0x01,0x24,0x01,0x45,0x01,0x02,0x01,0x04,0x01,0x02,0x01,0x35,0x01,0x13,0x01,
    0x15,0x01,0x25,0x01,0x13,0x01,0x14,0x01,0x15,0x02,0x04,0x11,0x03,0x02,0x11,0x22,
    0x01,0x14,0x01,0x12,0x01,0x14,0x01,0x04,0x01,0x25,0x01,0x55,0x01,0x11,0x01,0x13,
    0x01,0x44,0x01,0x54,0x01,0x33,0x02,0x35,0x42,0x01,0x15,0x01,0x44,0x01,0x11,0x01,
    0x32,0x01,0x43,0x01,0x25,0x01,0x23,0x01,0x44,0x01,0x23,0x01,0x23,0x01,0x31,0x01,
    0x34,0x01,0x25,0x01,0x24,0x02,0x01,0x35,0x01,0x05,0x01,0x15,0x01,0x05,0x02,0x01,
    0x43,0x01,0x23,0x01,0x33,0x01,0x04,0x01,0x44,0x01,0x33,0x01,0x01,0x01,0x15,0x02,
    0x15,0x44,0x02,0x02,0x11,0x01,0x01,0x01,0x04,0x01,0x04,0x03,0x03,0x31,0x41,0x01,
    0x25,0x01,0x23,0x02,0x02,0x34,0x01,0x15,0x01,0x25,0x01,0x01,0x01,0x02,0x01,0x22,
    0x01,0x25,0x01,0x24,0x01,0x35,0x01,0x05,0x01,0x02,0x01,0x45,0x02,0x21,0x41,0x01,
    0x04,0x01,0x23,0x01,0x25,0x01,0x34,0x01,0x34,0x01,0x12,0x01,0x05,0x01,0x35,0x01,
    0x33,0x02,0x33,0x41,0x01,0x04,0x03,0x05,0x41,0x61,0x02,0x31,0x61,0x01,0x25,0x01,
    0x25,0x01,0x34,0x01,0x33,0x01,0x25,0x01,0x34,0x01,0x31,0x01,0x05,0x01,0x43,0x01,
    0x23,0x01,0x04,0x02,0x04,0x11,0x02,0x34,0x45,0x01,0x15,0x02,0x14,0x23,0x01,0x34,
    0x02,0x04,0x15,0x01,0x04,0x01,0x02,0x01,0x04,0x01,0x05,0x01,0x42,0x02,0x33,0x43,
    0x01,0x23,0x02,0x56,0x61,0x02,0x15,0x25,0x01,0x22,0x02,0x23,0x63,0x01,0x35,0x01,
    0x34,0x01,0x22,0x02,0x31,0x43,0x01,0x01,0x01,0x12,0x01,0x34,0x01,0x35,0x01,0x34,
    0x01,0x04,0x01,0x34,0x01,0x44,0x01,0x55,0x01,0x03,0x01,0x34,0x01,0x25,0x01,0x15,
    0x01,0x02,0x01,0x03,0x01,0x24,0x01,0x33,0x01,0x21,0x01,0x25,0x01,0x14,0x01,0x05,
    0x01,0x25,0x01,0x23,0x01,0x24,0x02,0x04,0x11,0x01,0x02,0x01,0x05,0x01,0x23,0x01,
    0x34,0x03,0x03,0x23,0x45,0x01,0x34,0x01,0x34,0x01,0x03,0x02,0x15,0x25,0x01,0x03,
    0x01,0x14,0x02,0x32,0x41,0x02,0x35,0x55,0x01,0x34,0x01,0x03,0x01,0x15,0x01,0x14,
    0x01,0x35,0x01,0x15,0x02,0x26,0x33,0x01,0x34,0x01,0x14,0x03,0x21,0x32,0x51,0x03,
    0x21,0x32,0x51,0x01,0x44,0x01,0x12,0x01,0x34,0x01,0x35,0x01,0x34,0x01,0x15,0x01,
    0x04,0x01,0x12,0x01,0x04,0x02,0x04,0x11,0x01,0x11,0x02,0x13,0x31,0x01,0x35,0x02,
    0x04,0x11,0x01,0x24,0x01,0x14,0x01,0x24,0x01,0x01,0x01,0x04,0x03,0x05,0x31,0x51,
    0x01,0x05,0x02,0x22,0x31,0x02,0x25,0x32,0x01,0x24,0x01,0x42,0x01,0x35,0x01,0x04,
    0x02,0x31,0x45,0x01,0x25,0x01,0x23,0x01,0x35,0x02,0x34,0x51,0x01,0x35,0x01,0x43,
    0x01,0x34,0x01,0x34,0x01,0x23,0x01,0x43,0x02,0x24,0x41,0x01,0x54,0x02,0x41,0x56,
    0x01,0x23,0x01,0x22,0x01,0x04,0x02,0x46,0x55,0x01,0x32,0x01,0x25,0x01,0x23,0x01,
    0x43,0x02,0x44,0x62,0x01,0x15,0x01,0x03,0x02,0x11,0x33,0x01,0x22,0x02,0x04,0x11,
    0x01,0x55,0x01,0x35,0x01,0x45,0x01,0x13,0x01,0x54,0x01,0x12,0x01,0x34,0x01,0x25,
    0x02,0x14,0x21,0x01,0x15,0x01,0x25,0x01,0x33,0x01,0x45,0x01,0x14,0x01,0x45,0x01,
    0x24,0x01,0x12,0x02,0x04,0x13,0x03,0x04,0x11,0x22,0x01,0x14,0x02,0x15,0x62,0x01,
    0x15,0x01,0x04,0x01,0x01,0x01,0x22,0x02,0x45,0x54,0x01,0x05,0x01,0x53,0x02,0x32,
    0x55,0x01,0x03,0x01,0x32,0x01,0x04,0x01,0x24,0x01,0x04,0x01,0x01,0x03,0x02,0x11,
    0x22,0x01,0x14,0x01,0x04,0x01,0x24,0x01,0x15,0x01,0x35,0x01,0x34,0x01,0x24,0x01,
    0x25,0x01,0x04,0x01,0x25,0x01,0x12,0x01,0x54,0x01,0x34,0x01,0x44,0x01,0x33,0x02,
    0x13,0x34,0x01,0x04,0x01,0x33,0x01,0x34,0x01,0x15,0x01,0x14,0x01,0x34,0x01,0x35,
    0x01,0x12,0x01,0x23,0x01,0x45,0x01,0x12,0x01,0x33,0x01,0x03,0x01,0x34,0x03,0x04,
    0x11,0x24,0x01,0x45,0x01,0x14,0x01,0x13,0x01,0x15,0x03,0x13,0x32,0x51,0x01,0x15,
    0x01,0x13,0x01,0x21,0x01,0x24,0x01,0x55,0x01,0x11,0x01,0x11,0x01,0x14,0x01,0x15,
    0x01,0x11,0x01,0x25,0x01,0x34,0x01,0x11,0x02,0x15,0x22,0x01,0x11,0x01,0x13,0x01,
    0x23,0x01,0x15,0x01,0x34,0x01,0x22,0x01,0x02,0x01,0x13,0x01,0x22,0x01,0x23,0x01,
    0x33,0x01,0x22,0x01,0x05,0x01,0x02,0x01,0x24,0x01,0x35,0x01,0x05,0x01,0x24,0x01,
    0x35,0x01,0x25,0x01,0x24,0x01,0x01,0x01,0x04,0x01,0x03,0x01,0x24,0x01,0x22,0x01,
    0x11,0x01,0x45,0x01,0x14,0x01,0x12,0x02,0x14,0x35,0x01,0x34,0x01,0x01,0x01,0x02,
    0x02,0x02,0x21,0x01,0x04,0x01,0x02,0x01,0x04,0x01,0x03,0x01,0x24,0x01,0x15,0x01,
    0x24,0x01,0x13,0x02,0x36,0x43,0x01,0x14,0x01,0x13,0x02,0x34,0x44,0x01,0x35,0x01,
    0x15,0x01,0x13,0x01,0x25,0x01,0x21,0x01,0x13,0x01,0x21,0x01,0x15,0x01,0x14,0x01,
    0x44,0x01,0x25,0x01,0x21,0x01,0x11,0x01,0x14,0x01,0x12,0x03,0x04,0x11,0x24,0x01,
    0x34,0x01,0x43,0x01,0x34,0x02,0x03,0x14,0x01,0x23,0x03,0x04,0x15,0x24,0x01,0x24,
    0x01,0x23,0x01,0x24,0x01,0x24,0x01,0x25,0x01,0x24,0x01,0x22,0x01,0x25,0x01,0x15,
    0x01,0x34,0x01,0x11,0x01,0x23,0x01,0x11,0x01,0x05,0x01,0x34,0x01,0x24,0x01,0x05,
    0x01,0x34,0x01,0x12,0x01,0x14,0x01,0x03,0x01,0x13,0x01,0x23,0x01,0x11,0x02,0x04,
    0x22,0x01,0x15,0x01,0x13,0x01,0x23,0x01,0x11,0x01,0x23,0x02,0x04,0x11,0x01,0x15,
    0x01,0x15,0x01,0x34,0x01,0x44,0x03,0x04,0x11,0x22,0x01,0x34,0x01,0x33,0x01,0x34,
    0x01,0x34,0x01,0x23,0x03,0x05,0x33,0x51,0x01,0x15,0x03,0x04,0x13,0x22,0x01,0x03,
    0x01,0x04,0x01,0x44,0x01,0x45,0x02,0x25,0x34,0x01,0x05,0x02,0x31,0x46,0x02,0x35,
    0x41,0x01,0x03,0x02,0x11,0x21,0x02,0x15,0x25,0x01,0x24,0x01,0x23,0x01,0x24,0x01,
    0x34,0x01,0x31,0x01,0x35,0x02,0x31,0x44,0x01,0x15,0x01,0x04,0x03,0x05,0x35,0x45,
    0x02,0x05,0x31,0x01,0x35,0x01,0x24,0x01,0x04,0x01,0x34,0x01,0x35,0x01,0x25,0x01,
    0x01,0x01,0x03,0x02,0x33,0x53,0x01,0x21,0x01,0x43,0x02,0x11,0x24,0x01,0x34,0x01,
    0x44,0x01,0x11,0x01,0x11,0x01,0x34,0x03,0x02,0x11,0x22,0x01,0x25,0x01,0x54,0x01,
    0x24,0x01,0x25,0x01,0x12,0x02,0x14,0x23,0x01,0x41,0x01,0x44,0x01,0x12,0x01,0x23,
    0x01,0x24,0x01,0x14,0x01,0x24,0x01,0x15,0x01,0x45,0x01,0x11,0x01,0x34,0x01,0x43,
    0x01,0x22,0x01,0x15,0x01,0x34,0x01,0x32,0x01,0x13,0x02,0x14,0x23,0x01,0x34,0x01,
    0x41,0x01,0x55,0x01,0x24,0x01,0x33,0x01,0x21,0x01,0x24,0x01,0x25,0x01,0x34,0x01,
    0x13,0x02,0x03,0x23,0x01,0x14,0x01,0x21,0x01,0x15,0x02,0x03,0x24,0x01,0x13,0x01,
    0x23,0x02,0x11,0x22,0x02,0x11,0x24,0x01,0x34,0x01,0x34,0x01,0x04,0x01,0x13,0x01,
    0x04,0x01,0x33,0x02,0x15,0x25,0x01,0x43,0x01,0x34,0x01,0x45,0x01,0x35,0x02,0x23,
    0x33,0x01,0x15,0x01,0x34,0x01,0x11,0x01,0x12,0x01,0x25,0x02,0x42,0x51,0x01,0x13,
    0x01,0x23,0x01,0x11,0x01,0x34,0x01,0x13,0x01,0x13,0x01,0x43,0x01,0x14,0x01,0x14,
    0x01,0x14,0x01,0x23,0x01,0x25,0x01,0x43,0x01,0x05,0x01,0x55,0x01,0x23,0x01,0x15,
    0x01,0x25,0x01,0x43,0x01,0x23,0x01,0x33,0x01,0x41,0x02,0x12,0x34,0x01,0x43,0x01,
    0x25,0x01,0x25,0x01,0x14,0x01,0x15,0x01,0x13,0x01,0x52,0x01,0x24,0x01,0x13,0x01,
    0x12,0x01,0x25,0x01,0x44,0x03,0x12,0x25,0x35,0x01,0x25,0x01,0x14,0x01,0x11,0x01,
    0x15,0x01,0x15,0x01,0x14,0x01,0x13,0x02,0x01,0x11,0x01,0x23,0x01,0x14,0x02,0x15,
    0x22,0x01,0x03,0x01,0x14,0x01,0x35,0x01,0x01,0x01,0x02,0x02,0x11,0x22,0x01,0x45,
    0x01,0x22,0x01,0x33,0x01,0x23,0x01,0x44,0x01,0x34,0x01,0x25,0x01,0x13,0x01,0x45,
    0x01,0x15,0x01,0x25,0x01,0x45,0x01,0x23,0x01,0x15,0x01,0x02,0x01,0x13,0x01,0x31,
    0x01,0x25,0x01,0x11,0x01,0x14,0x01,0x54,0x01,0x22,0x01,0x31,0x01,0x23,0x01,0x13,
    0x02,0x13,0x43,0x01,0x13,0x01,0x24,0x01,0x22,0x01,0x13,0x01,0x13,0x01,0x25,0x02,
    0x13,0x34,0x03,0x33,0x61,0x71,0x01,0x15,0x01,0x23,0x01,0x15,0x01,0x15,0x01,0x23,
    0x01,0x15,0x01,0x15,0x01,0x15,0x01,0x44,0x01,0x25,0x03,0x11,0x33,0x44,0x01,0x34,
    0x01,0x25,0x01,0x22,0x01,0x23,0x01,0x23,0x01,0x23,0x01,0x15,0x01,0x22,0x01,0x12,
    0x01,0x25,0x01,0x35,0x01,0x25,0x01,0x22,0x01,0x24,0x01,0x12,0x02,0x13,0x66,0x01,
    0x23,0x01,0x25,0x01,0x14,0x01,0x25,0x01,0x13,0x01,0x23,0x01,0x23,0x01,0x15,0x01,
    0x21,0x01,0x15,0x01,0x05,0x01,0x34,0x01,0x14,0x01,0x23,0x01,0x55,0x01,0x12,0x01,
    0x21,0x01,0x24,0x01,0x13,0x01,0x21,0x01,0x03,0x01,0x02,0x01,0x25,0x01,0x13,0x01,
    0x25,0x01,0x24,0x01,0x21,0x01,0x13,0x01,0x21,0x01,0x15,0x01,0x23,0x01,0x24,0x01,
    0x41,0x01,0x23,0x01,0x13,0x04,0x13,0x32,0x41,0x53,0x01,0x13,0x01,0x23,0x01,0x54,
    0x01,0x65,0x01,0x44,0x01,0x54,0x02,0x23,0x34,0x01,0x55,0x01,0x25,0x01,0x45,0x01,
    0x22,0x01,0x35,0x01,0x35,0x01,0x24,0x01,0x33,0x01,0x13,0x01,0x45,0x01,0x12,0x01,
    0x35,0x01,0x21,0x01,0x03,0x01,0x04,0x01,0x02,0x01,0x15,0x01,0x15,0x01,0x23,0x01,
    0x21,0x01,0x13,0x01,0x15,0x01,0x14,0x01,0x11,0x01,0x21,0x01,0x35,0x01,0x11,0x01,
    0x11,0x01,0x15,0x02,0x14,0x23,0x01,0x25,0x01,0x25,0x01,0x35,0x01,0x15,0x01,0x23,
    0x01,0x35,0x01,0x25,0x01,0x44,0x01,0x24,0x02,0x04,0x15,0x01,0x23,0x01,0x15,0x01,
    0x21,0x01,0x11,0x01,0x23,0x01,0x13,0x01,0x22,0x01,0x32,0x01,0x15,0x01,0x23,0x01,
    0x25,0x01,0x03,0x01,0x24,0x01,0x35,0x01,0x44,0x01,0x23,0x03,0x24,0x53,0x74,0x01,
    0x41,0x01,0x23,0x01,0x25,0x01,0x24,0x01,0x15,0x01,0x11,0x01,0x23,0x01,0x22,0x01,
    0x24,0x01,0x13,0x01,0x04,0x01,0x15,0x02,0x24,0x34,0x01,0x25,0x01,0x23,0x01,0x23,
    0x01,0x34,0x01,0x24,0x01,0x12,0x01,0x24,0x02,0x14,0x23,0x01,0x24,0x01,0x22,0x01,
    0x15,0x01,0x25,0x01,0x25,0x01,0x14,0x01,0x54,0x01,0x23,0x01,0x25,0x01,0x14,0x02,
    0x15,0x51,0x02,0x15,0x43,0x01,0x04,0x03,0x33,0x41,0x51,0x01,0x35,0x02,0x33,0x44,
    0x01,0x23,0x01,0x25,0x01,0x13,0x01,0x13,0x01,0x13,0x01,0x35,0x01,0x22,0x02,0x23,
    0x43,0x01,0x23,0x01,0x45,0x01,0x25,0x01,0x24,0x01,0x45,0x01,0x32,0x01,0x25,0x01,
    0x24,0x01,0x44,0x01,0x43,0x01,0x24,0x03,0x16,0x23,0x34,0x01,0x13,0x01,0x54,0x02,
    0x15,0x24,0x01,0x23,0x01,0x23,0x01,0x25,0x01,0x21,0x01,0x35,0x01,0x14,0x02,0x36,
    0x41,0x01,0x21,0x01,0x01,0x01,0x24,0x01,0x24,0x01,0x34,0x01,0x14,0x01,0x05,0x01,
    0x13,0x01,0x14,0x01,0x44,0x01,0x14,0x01,0x36,0x01,0x34,0x01,0x33,0x01,0x34,0x01,
    0x23,0x01,0x21,0x01,0x24,0x01,0x45,0x01,0x35,0x02,0x56,0x74,0x02,0x34,0x41,0x01,
    0x54,0x01,0x43,0x01,0x35,0x01,0x03,0x01,0x35,0x02,0x14,0x24,0x01,0x34,0x01,0x22,
    0x01,0x25,0x01,0x05,0x01,0x25,0x01,0x24,0x01,0x34,0x01,0x03,0x02,0x04,0x11,0x01,
    0x24,0x01,0x04,0x02,0x03,0x24,0x01,0x44,0x01,0x22,0x02,0x02,0x12,0x01,0x03,0x01,
    0x03,0x01,0x54,0x01,0x34,0x01,0x14,0x01,0x34,0x02,0x32,0x41,0x01,0x34,0x01,0x24,
    0x01,0x44,0x01,0x24,0x01,0x14,0x01,0x34,0x01,0x25,0x01,0x14,0x01,0x45,0x01,0x14,
    0x01,0x14,0x01,0x45,0x01,0x34,0x01,0x55,0x01,0x14,0x01,0x33,0x01,0x33,0x01,0x25,
    0x01,0x31,0x01,0x22,0x01,0x25,0x01,0x25,0x01,0x04,0x01,0x04,0x01,0x04,0x01,0x45,
    0x01,0x33,0x01,0x24,0x01,0x24,0x01,0x21,0x01,0x05,0x02,0x32,0x43,0x03,0x35,0x61,
    0x73,0x01,0x25,0x01,0x05,0x01,0x03,0x01,0x22,0x01,0x03,0x01,0x03,0x01,0x05,0x01,
    0x34,0x01,0x04,0x01,0x23,0x01,0x05,0x01,0x01,0x01,0x23,0x01,0x44,0x03,0x22,0x31,
    0x43,0x01,0x24,0x01,0x24,0x01,0x14,0x01,0x15,0x01,0x23,0x01,0x05,0x01,0x03,0x01,
    0x23,0x01,0x24,0x01,0x23,0x01,0x22,0x01,0x14,0x01,0x44,0x01,0x14,0x02,0x03,0x21,
    0x01,0x44,0x01,0x13,0x01,0x25,0x01,0x22,0x03,0x02,0x13,0x22,0x03,0x01,0x12,0x22,
    0x01,0x03,0x01,0x45,0x01,0x33,0x02,0x32,0x41,0x01,0x35,0x01,0x04,0x01,0x34,0x01,
    0x35,0x01,0x44,0x01,0x34,0x01,0x44,0x02,0x04,0x11,0x02,0x02,0x13,0x01,0x24,0x01,
    0x05,0x01,0x25,0x02,0x23,0x45,0x02,0x05,0x24,0x01,0x42,0x01,0x43,0x01,0x05,0x01,
    0x01,0x01,0x41,0x02,0x23,0x61,0x01,0x45,0x01,0x24,0x01,0x24,0x02,0x01,0x14,0x01,
    0x24,0x01,0x01,0x01,0x31,0x01,0x14,0x01,0x24,0x01,0x05,0x02,0x04,0x11,0x01,0x35,
    0x01,0x12,0x01,0x14,0x01,0x15,0x01,0x13,0x01,0x13,0x01,0x13,0x01,0x35,0x01,0x22,
    0x01,0x44,0x01,0x05,0x01,0x35,0x01,0x33,0x01,0x45,0x01,0x34,0x02,0x01,0x53,0x01,
    0x31,0x01,0x33,0x01,0x13,0x01,0x42,0x01,0x03,0x01,0x35,0x01,0x33,0x02,0x05,0x34,
    0x02,0x44,0x53,0x01,0x34,0x01,0x43,0x01,0x13,0x01,0x32,0x02,0x43,0x53,0x01,0x45,
    0x02,0x32,0x41,0x01,0x33,0x01,0x43,0x01,0x31,0x03,0x02,0x11,0x22,0x01,0x12,0x02,
    0x03,0x42,0x04,0x43,0x56,0x63,0x72,0x04,0x43,0x56,0x63,0x72,0x01,0x24,0x01,0x14,
    0x02,0x02,0x11,0x02,0x25,0x34,0x01,0x12,0x01,0x12,0x01,0x33,0x02,0x33,0x64,0x02,
    0x15,0x53,0x01,0x34,0x01,0x14,0x01,0x33,0x02,0x25,0x55,0x01,0x34,0x01,0x34,0x01,
    0x33,0x01,0x24,0x01,0x22,0x01,0x34,0x01,0x05,0x01,0x22,0x01,0x05,0x01,0x33,0x01,
    0x23,0x01,0x34,0x01,0x34,0x01,0x13,0x01,0x22,0x02,0x52,0x61,0x03,0x26,0x33,0x53,
    0x01,0x66,0x01,0x66,0x01,0x35,0x01,0x02,0x01,0x03,0x01,0x03,0x02,0x45,0x75,0x02,
    0x33,0x44,0x01,0x02,0x01,0x23,0x01,0x11,0x03,0x03,0x31,0x41,0x01,0x44,0x01,0x23,
    0x01,0x15,0x02,0x13,0x23,0x02,0x41,0x56,0x01,0x35,0x01,0x34,0x01,0x12,0x01,0x24,
    0x01,0x12,0x01,0x33,0x04,0x03,0x24,0x35,0x41,0x01,0x12,0x01,0x23,0x01,0x45,0x01,
    0x34,0x02,0x25,0x32,0x01,0x14,0x01,0x25,0x01,0x21,0x01,0x33,0x01,0x03,0x01,0x35,
    0x01,0x44,0x01,0x35,0x01,0x04,0x01,0x12,0x01,0x64,0x01,0x34,0x01,0x25,0x01,0x33,
    0x01,0x25,0x01,0x11,0x01,0x14,0x01,0x14,0x01,0x32,0x01,0x34,0x01,0x12,0x01,0x15,
    0x01,0x25,0x02,0x13,0x41,0x01,0x24,0x01,0x11,0x01,0x12,0x01,0x44,0x01,0x13,0x01,
    0x34,0x02,0x14,0x34,0x01,0x24,0x01,0x43,0x01,0x14,0x01,0x22,0x01,0x34,0x01,0x34,
    0x01,0x44,0x01,0x23,0x01,0x02,0x01,0x21,0x01,0x23,0x01,0x25,0x01,0x05,0x01,0x24,
    0x01,0x15,0x03,0x22,0x33,0x41,0x01,0x35,0x01,0x35,0x01,0x24,0x02,0x35,0x46,0x02,
    0x02,0x12,0x01,0x21,0x01,0x23,0x01,0x35,0x01,0x24,0x01,0x22,0x01,0x25,0x01,0x23,
    0x01,0x24,0x01,0x33,0x01,0x25,0x01,0x21,0x01,0x25,0x02,0x14,0x34,0x01,0x34,0x01,
    0x21,0x01,0x25,0x01,0x24,0x01,0x21,0x02,0x11,0x34,0x01,0x14,0x01,0x44,0x01,0x25,
    0x01,0x14,0x01,0x24,0x01,0x45,0x01,0x32,0x01,0x25,0x01,0x23,0x01,0x24,0x02,0x24,
    0x44,0x01,0x23,0x02,0x24,0x31,0x01,0x32,0x01,0x25,0x01,0x32,0x01,0x24,0x01,0x33,
    0x02,0x15,0x35,0x01,0x25,0x01,0x25,0x01,0x25,0x01,0x35,0x01,0x24,0x01,0x11,0x01,
    0x34,0x01,0x14,0x01,0x22,0x01,0x23,0x01,0x13,0x01,0x13,0x01,0x34,0x01,0x23,0x01,
    0x15,0x01,0x15,0x01,0x11,0x01,0x34,0x01,0x13,0x01,0x24,0x01,0x04,0x01,0x04,0x01,
    0x23,0x01,0x34,0x01,0x24,0x01,0x13,0x01,0x14,0x01,0x33,0x01,0x35,0x01,0x14,0x01,
    0x04,0x01,0x05,0x01,0x24,0x01,0x14,0x01,0x35,0x01,0x23,0x01,0x23,0x01,0x21,0x01,
    0x25,0x01,0x35,0x01,0x05,0x01,0x33,0x01,0x05,0x01,0x35,0x01,0x03,0x01,0x34,0x01,
    0x12,0x01,0x05,0x01,0x34,0x01,0x34,0x01,0x34,0x01,0x21,0x01,0x05,0x01,0x45,0x01,
    0x22,0x01,0x35,0x01,0x14,0x01,0x12,0x01,0x14,0x01,0x34,0x01,0x13,0x01,0x34,0x02,
    0x23,0x43,0x01,0x15,0x01,0x35,0x01,0x35,0x01,0x33,0x01,0x22,0x01,0x35,0x01,0x35,
    0x01,0x33,0x01,0x33,0x02,0x31,0x41,0x01,0x13,0x01,0x06,0x01,0x13,0x01,0x21,0x01,
    0x24,0x01,0x24,0x01,0x11,0x01,0x06,0x01,0x11,0x01,0x34,0x01,0x12,0x02,0x15,0x35,
    0x01,0x14,0x01,0x14,0x01,0x25,0x02,0x13,0x34,0x01,0x11,0x01,0x35,0x01,0x12,0x01,
    0x13,0x01,0x25,0x01,0x23,0x01,0x14,0x01,0x14,0x01,0x13,0x01,0x14,0x01,0x14,0x01,
    0x13,0x01,0x14,0x01,0x15,0x01,0x13,0x01,0x15,0x02,0x11,0x44,0x01,0x13,0x01,0x13,
    0x01,0x34,0x01,0x14,0x01,0x13,0x01,0x33,0x02,0x21,0x51,0x01,0x12,0x01,0x23,0x01,
    0x24,0x02,0x25,0x32,0x02,0x25,0x71,0x01,0x21,0x01,0x25,0x01,0x32,0x01,0x25,0x01,
    0x05,0x01,0x23,0x01,0x35,0x01,0x34,0x01,0x34,0x01,0x34,0x01,0x34,0x02,0x25,0x34,
    0x01,0x34,0x01,0x01,0x01,0x05,0x01,0x23,0x01,0x33,0x01,0x33,0x01,0x25,0x01,0x35,
    0x01,0x34,0x01,0x24,0x01,0x21,0x01,0x24,0x01,0x24,0x01,0x35,0x01,0x35,0x01,0x11,
    0x02,0x13,0x45,0x01,0x14,0x01,0x15,0x01,0x25,0x01,0x13,0x02,0x24,0x34,0x01,0x23,
    0x01,0x13,0x02,0x11,0x24,0x01,0x34,0x01,0x34,0x01,0x14,0x01,0x34,0x01,0x34,0x01,
    0x34,0x01,0x44,0x01,0x44,0x01,0x44,0x02,0x04,0x22,0x01,0x11,0x01,0x35,0x01,0x24,
    0x01,0x12,0x01,0x13,0x01,0x34,0x01,0x25,0x02,0x31,0x61,0x01,0x23,0x02,0x35,0x42,
    0x01,0x11,0x01,0x15,0x01,0x11,0x02,0x14,0x34,0x01,0x43,0x01,0x11,0x01,0x15,0x01,
    0x54,0x01,0x14,0x01,0x13,0x01,0x44,0x01,0x35,0x01,0x11,0x01,0x11,0x01,0x25,0x01,
    0x34,0x01,0x14,0x01,0x13,0x01,0x43,0x01,0x44,0x01,0x14,0x01,0x14,0x01,0x14,0x01,
    0x11,0x01,0x13,0x01,0x64,0x01,0x24,0x01,0x23,0x02,0x23,0x34,0x01,0x23,0x01,0x24,
    0x01,0x23,0x01,0x33,0x01,0x22,0x01,0x45,0x01,0x34,0x01,0x15,0x01,0x45,0x01,0x24,
    0x01,0x11,0x01,0x44,0x01,0x13,0x01,0x25,0x01,0x15,0x01,0x13,0x01,0x13,0x01,0x34,
    0x01,0x13,0x01,0x11,0x01,0x24,0x01,0x05,0x01,0x23,0x01,0x21,0x01,0x22,0x02,0x02,
    0x11,0x01,0x05,0x01,0x33,0x01,0x13,0x01,0x05,0x01,0x54,0x01,0x53,0x01,0x55,0x01,
    0x34,0x01,0x25,0x01,0x34,0x01,0x03,0x01,0x34,0x01,0x11,0x03,0x05,0x23,0x55,0x01,
    0x25,0x02,0x05,0x23,0x01,0x33,0x01,0x34,0x01,0x25,0x01,0x05,0x02,0x04,0x15,0x02,
    0x44,0x55,0x01,0x34,0x02,0x36,0x41,0x02,0x32,0x41,0x01,0x45,0x01,0x14,0x01,0x04,
    0x01,0x14,0x01,0x32,0x01,0x14,0x01,0x14,0x02,0x51,0x91,0x02,0x03,0x14,0x02,0x05,
    0x44,0x02,0x01,0x32,0x01,0x45,0x01,0x14,0x01,0x44,0x01,0x04,0x01,0x55,0x01,0x54,
    0x01,0x11,0x02,0x34,0x51,0x02,0x04,0x15,0x01,0x04,0x01,0x24,0x01,0x44,0x01,0x35,
    0x02,0x22,0x33,0x01,0x03,0x02,0x04,0x14,0x02,0x24,0x34,0x01,0x15,0x01,0x22,0x01,
    0x33,0x01,0x05,0x01,0x21,0x01,0x05,0x01,0x05,0x02,0x31,0x41,0x01,0x04,0x02,0x23,
    0x51,0x03,0x21,0x46,0x55,0x01,0x24,0x01,0x35,0x01,0x04,0x01,0x34,0x01,0x15,0x01,
    0x35,0x01,0x15,0x01,0x04,0x01,0x04,0x02,0x33,0x43,0x01,0x33,0x02,0x04,0x11,0x01,
    0x14,0x01,0x34,0x01,0x04,0x02,0x11,0x24,0x01,0x25,0x01,0x35,0x02,0x05,0x25,0x01,
    0x05,0x01,0x33,0x01,0x34,0x01,0x05,0x02,0x04,0x13,0x02,0x02,0x13,0x01,0x12,0x01,
    0x02,0x01,0x21,0x01,0x05,0x01,0x21,0x01,0x23,0x01,0x03,0x01,0x45,0x01,0x34,0x01,
    0x41,0x01,0x25,0x01,0x43,0x01,0x44,0x01,0x55,0x01,0x04,0x01,0x21,0x01,0x15,0x01,
    0x03,0x01,0x32,0x01,0x05,0x01,0x45,0x01,0x45,0x01,0x05,0x01,0x25,0x01,0x04,0x01,
    0x34,0x01,0x04,0x02,0x02,0x11,0x01,0x12,0x01,0x05,0x01,0x13,0x01,0x01,0x01,0x05,
    0x01,0x45,0x01,0x22,0x01,0x35,0x01,0x25,0x01,0x01,0x01,0x03,0x01,0x05,0x01,0x01,
    0x01,0x05,0x01,0x22,0x01,0x04,0x01,0x13,0x01,0x25,0x01,0x25,0x01,0x31,0x02,0x11,
    0x22,0x01,0x13,0x01,0x12,0x01,0x55,0x02,0x03,0x51,0x02,0x02,0x11,0x01,0x13,0x01,
    0x53,0x01,0x43,0x01,0x44,0x01,0x15,0x01,0x05,0x02,0x45,0x54,0x02,0x11,0x24,0x01,
    0x01,0x01,0x24,0x01,0x43,0x04,0x03,0x12,0x31,0x41,0x01,0x24,0x02,0x33,0x42,0x01,
    0x23,0x01,0x22,0x01,0x05,0x01,0x03,0x02,0x03,0x14,0x01,0x44,0x01,0x34,0x01,0x14,
    0x01,0x05,0x01,0x15,0x01,0x15,0x01,0x35,0x01,0x35,0x01,0x04,0x01,0x25,0x01,0x02,
    0x02,0x03,0x12,0x02,0x01,0x12,0x01,0x05,0x01,0x34,0x01,0x33,0x01,0x44,0x02,0x02,
    0x15,0x01,0x02,0x01,0x12,0x01,0x03,0x01,0x51,0x01,0x45,0x02,0x32,0x41,0x01,0x44,
    0x01,0x25,0x01,0x04,0x01,0x14,0x01,0x65,0x01,0x14,0x01,0x44,0x01,0x63,0x01,0x63,
    0x01,0x04,0x01,0x54,0x02,0x13,0x43,0x01,0x11,0x01,0x02,0x01,0x11,0x04,0x12,0x21,
    0x33,0x61,0x01,0x43,0x02,0x12,0x25,0x01,0x13,0x01,0x15,0x01,0x14,0x01,0x15,0x01,
    0x23,0x01,0x11,0x03,0x12,0x23,0x34,0x01,0x14,0x01,0x34,0x03,0x15,0x55,0x63,0x01,
    0x25,0x01,0x14,0x01,0x24,0x01,0x14,0x01,0x64,0x01,0x22,0x01,0x45,0x01,0x25,0x01,
    0x02,0x01,0x12,0x01,0x12,0x01,0x44,0x02,0x01,0x12,0x01,0x05,0x03,0x12,0x21,0x55,
    0x02,0x14,0x34,0x01,0x43,0x01,0x05,0x01,0x31,0x01,0x25,0x01,0x14,0x01,0x55,0x01,
    0x15,0x01,0x32,0x01,0x45,0x01,0x13,0x01,0x22,0x01,0x14,0x01,0x15,0x01,0x11,0x01,
    0x05,0x01,0x14,0x01,0x13,0x01,0x23,0x01,0x05,0x01,0x11,0x01,0x05,0x01,0x43,0x01,
    0x05,0x01,0x14,0x02,0x01,0x41,0x01,0x03,0x01,0x24,0x01,0x14,0x02,0x51,0x61,0x01,
    0x05,0x01,0x14,0x01,0x55,0x01,0x14,0x01,0x04,0x01,0x25,0x03,0x31,0x54,0x61,0x02,
    0x04,0x23,0x01,0x12,0x01,0x41,0x01,0x01,0x01,0x21,0x02,0x24,0x33,0x02,0x22,0x33,
    0x01,0x25,0x01,0x43,0x01,0x14,0x01,0x22,0x01,0x33,0x01,0x22,0x03,0x22,0x51,0x66,
    0x01,0x22,0x01,0x04,0x01,0x22,0x01,0x56,0x01,0x04,0x01,0x14,0x01,0x04,0x01,0x03,
    0x01,0x01,0x01,0x35,0x01,0x25,0x03,0x01,0x43,0x52,0x01,0x01,0x01,0x03,0x01,0x02,
    0x01,0x25,0x03,0x05,0x31,0x41,0x01,0x05,0x01,0x04,0x01,0x25,0x02,0x04,0x34,0x01,
    0x23,0x01,0x35,0x01,0x22,0x01,0x25,0x01,0x35,0x01,0x33,0x01,0x04,0x02,0x41,0x55,
    0x01,0x34,0x01,0x25,0x02,0x11,0x21,0x01,0x25,0x01,0x34,0x01,0x53,0x02,0x16,0x36,
    0x01,0x25,0x01,0x25,0x01,0x34,0x01,0x04,0x01,0x04,0x01,0x23,0x02,0x05,0x32,0x01,
    0x34,0x01,0x25,0x01,0x04,0x01,0x24,0x01,0x44,0x01,0x34,0x01,0x02,0x01,0x34,0x02,
    0x02,0x11,0x01,0x04,0x01,0x14,0x01,0x31,0x01,0x35,0x02,0x33,0x41,0x01,0x11,0x02,
    0x04,0x11,0x01,0x04,0x01,0x54,0x01,0x44,0x01,0x04,0x01,0x44,0x01,0x05,0x02,0x02,
    0x11,0x01,0x25,0x01,0x01,0x01,0x34,0x01,0x25,0x01,0x25,0x01,0x03,0x01,0x42,0x02,
    0x41,0x56,0x01,0x44,0x01,0x05,0x02,0x22,0x42,0x01,0x33,0x01,0x03,0x01,0x03,0x01,
    0x03,0x01,0x04,0x01,0x01,0x01,0x34,0x01,0x01,0x01,0x24,0x01,0x25,0x01,0x33,0x02,
    0x05,0x33,0x02,0x03,0x31,0x01,0x01,0x01,0x32,0x01,0x35,0x01,0x33,0x01,0x45,0x01,
    0x05,0x01,0x35,0x01,0x04,0x01,0x04,0x01,0x13,0x02,0x13,0x42,0x01,0x45,0x01,0x03,
    0x01,0x03,0x01,0x04,0x02,0x02,0x11,0x02,0x04,0x11,0x01,0x02,0x02,0x34,0x41,0x01,
    0x44,0x01,0x22,0x01,0x04,0x01,0x23,0x01,0x35,0x01,0x33,0x01,0x03,0x01,0x25,0x01,
    0x25,0x01,0x04,0x01,0x05,0x01,0x04,0x01,0x25,0x01,0x05,0x01,0x33,0x03,0x21,0x35,
    0x61,0x02,0x31,0x42,0x01,0x04,0x01,0x45,0x01,0x35,0x01,0x02,0x02,0x34,0x41,0x01,
    0x33,0x01,0x01,0x01,0x24,0x03,0x02,0x13,0x24,0x01,0x24,0x02,0x02,0x22,0x01,0x04,
    0x01,0x14,0x02,0x14,0x31,0x01,0x05,0x01,0x03,0x01,0x32,0x01,0x25,0x01,0x02,0x01,
    0x05,0x01,0x45,0x01,0x01,0x01,0x04,0x01,0x35,0x02,0x02,0x11,0x01,0x12,0x01,0x03,
    0x01,0x03,0x03,0x22,0x33,0x41,0x01,0x01,0x01,0x25,0x01,0x45,0x01,0x05,0x01,0x23,
    0x01,0x03,0x01,0x34,0x01,0x25,0x01,0x34,0x01,0x05,0x01,0x23,0x01,0x24,0x01,0x01,
    0x01,0x34,0x01,0x01,0x01,0x23,0x01,0x23,0x01,0x02,0x01,0x15,0x01,0x44,0x01,0x03,
    0x01,0x03,0x01,0x03,0x01,0x15,0x02,0x11,0x32,0x01,0x15,0x02,0x04,0x11,0x01,0x34,
    0x03,0x02,0x11,0x22,0x01,0x01,0x01,0x23,0x01,0x25,0x01,0x04,0x01,0x02,0x01,0x22,
    0x01,0x25,0x01,0x42,0x01,0x22,0x01,0x34,0x01,0x23,0x01,0x34,0x01,0x23,0x01,0x04,
    0x01,0x04,0x01,0x22,0x01,0x23,0x01,0x35,0x01,0x32,0x01,0x33,0x01,0x05,0x01,0x04,
    0x01,0x23,0x02,0x04,0x11,0x01,0x01,0x01,0x33,0x01,0x35,0x01,0x54,0x01,0x44,0x01,
    0x44,0x02,0x43,0x71,0x01,0x44,0x01,0x35,0x01,0x31,0x02,0x73,0x83,0x02,0x45,0x65,
    0x01,0x61,0x01,0x35,0x01,0x34,0x01,0x45,0x01,0x05,0x01,0x24,0x01,0x35,0x01,0x05,
    0x01,0x04,0x01,0x02,0x01,0x34,0x01,0x44,0x01,0x33,0x03,0x03,0x31,0x51,0x01,0x35,
    0x01,0x45,0x01,0x04,0x01,0x35,0x02,0x31,0x42,0x03,0x03,0x41,0x55,0x03,0x03,0x41,
    0x55,0x03,0x11,0x31,0x63,0x01,0x33,0x01,0x33,0x01,0x35,0x01,0x44,0x03,0x04,0x11,
    0x22,0x01,0x14,0x01,0x43,0x01,0x34,0x01,0x14,0x03,0x04,0x13,0x22,0x01,0x14,0x01,
    0x15,0x02,0x51,0x71,0x01,0x34,0x01,0x01,0x01,0x21,0x01,0x23,0x01,0x24,0x01,0x32,
    0x01,0x04,0x02,0x04,0x34,0x02,0x05,0x23,0x01,0x03,0x01,0x24,0x02,0x02,0x13,0x01,
    0x03,0x01,0x05,0x01,0x33,0x01,0x43,0x01,0x35,0x01,0x25,0x01,0x03,0x01,0x04,0x01,
    0x24,0x02,0x04,0x11,0x01,0x11,0x01,0x44,0x01,0x04,0x01,0x01,0x01,0x04,0x01,0x02,
    0x02,0x22,0x35,0x01,0x43,0x01,0x25,0x01,0x04,0x01,0x24,0x01,0x04,0x01,0x34,0x01,
    0x23,0x01,0x31,0x01,0x25,0x01,0x34,0x01,0x35,0x01,0x32,0x01,0x33,0x01,0x33,0x01,
    0x11,0x01,0x34,0x01,0x24,0x01,0x14,0x01,0x13,0x01,0x14,0x02,0x11,0x24,0x02,0x14,
    0x25,0x01,0x13,0x01,0x13,0x01,0x34,0x01,0x24,0x01,0x43,0x01,0x13,0x01,0x13,0x01,
    0x14,0x01,0x25,0x01,0x23,0x01,0x25,0x01,0x44,0x01,0x11,0x01,0x23,0x01,0x23,0x01,
    0x25,0x01,0x15,0x01,0x14,0x02,0x15,0x33,0x01,0x24,0x01,0x14,0x01,0x31,0x01,0x14,
    0x01,0x44,0x01,0x34,0x01,0x34,0x01,0x03,0x01,0x13,0x01,0x33,0x01,0x25,0x02,0x02,
    0x22,0x01,0x35,0x01,0x24,0x01,0x11,0x01,0x34,0x01,0x44,0x01,0x33,0x01,0x34,0x01,
    0x15,0x01,0x04,0x01,0x11,0x01,0x35,0x01,0x15,0x01,0x44,0x01,0x05,0x01,0x23,0x01,
    0x24,0x01,0x11,0x01,0x24,0x01,0x22,0x01,0x15,0x01,0x23,0x01,0x25,0x01,0x24,0x02,
    0x24,0x44,0x01,0x24,0x02,0x04,0x23,0x02,0x11,0x24,0x01,0x04,0x01,0x35,0x01,0x21,
    0x01,0x53,0x01,0x04,0x01,0x13,0x01,0x25,0x01,0x25,0x01,0x25,0x01,0x24,0x01,0x24,
    0x01,0x11,0x02,0x14,0x23,0x01,0x45,0x01,0x22,0x01,0x44,0x01,0x12,0x01,0x24,0x01,
    0x11,0x01,0x24,0x01,0x12,0x01,0x25,0x01,0x33,0x02,0x23,0x34,0x01,0x24,0x01,0x33,
    0x01,0x24,0x01,0x24,0x01,0x34,0x01,0x25,0x01,0x25,0x01,0x14,0x01,0x15,0x01,0x11,
    0x01,0x11,0x01,0x45,0x01,0x15,0x01,0x23,0x01,0x13,0x01,0x23,0x01,0x65,0x01,0x35,
    0x01,0x44,0x01,0x11,0x01,0x04,0x01,0x14,0x02,0x12,0x21,0x01,0x14,0x01,0x24,0x01,
    0x34,0x01,0x21,0x01,0x35,0x01,0x24,0x01,0x24,0x01,0x34,0x01,0x13,0x01,0x34,0x01,
    0x21,0x01,0x13,0x01,0x11,0x01,0x23,0x01,0x22,0x01,0x35,0x01,0x24,0x01,0x44,0x01,
    0x24,0x01,0x24,0x01,0x35,0x01,0x25,0x01,0x23,0x01,0x44,0x01,0x24,0x01,0x13,0x01,
    0x02,0x01,0x15,0x01,0x15,0x01,0x24,0x01,0x32,0x01,0x23,0x01,0x35,0x01,0x22,0x01,
    0x15,0x01,0x13,0x01,0x24,0x01,0x21,0x01,0x25,0x01,0x25,0x01,0x21,0x01,0x12,0x01,
    0x44,0x01,0x34,0x01,0x13,0x01,0x04,0x01,0x04,0x01,0x04,0x01,0x44,0x03,0x04,0x11,
    0x22,0x01,0x35,0x01,0x13,0x01,0x23,0x01,0x55,0x01,0x14,0x02,0x05,0x15,0x02,0x14,
    0x21,0x01,0x25,0x01,0x35,0x01,0x35,0x01,0x15,0x01,0x14,0x01,0x34,0x01,0x13,0x01,
    0x24,0x02,0x11,0x22,0x01,0x33,0x01,0x24,0x01,0x01,0x01,0x05,0x03,0x02,0x11,0x24,
    0x01,0x35,0x01,0x33,0x01,0x34,0x01,0x24,0x01,0x26,0x01,0x25,0x01,0x35,0x01,0x31,
    0x01,0x25,0x01,0x25,0x01,0x25,0x01,0x35,0x01,0x03,0x01,0x11,0x01,0x53,0x01,0x04,
    0x01,0x04,0x01,0x33,0x01,0x13,0x01,0x33,0x01,0x24,0x01,0x14,0x01,0x33,0x01,0x15,
    0x01,0x14,0x01,0x05,0x02,0x11,0x31,0x01,0x14,0x01,0x01,0x01,0x13,0x01,0x35,0x01,
    0x14,0x01,0x33,0x01,0x54,0x01,0x03,0x01,0x33,0x02,0x14,0x22,0x01,0x04,0x01,0x34,
    0x01,0x31,0x01,0x24,0x01,0x33,0x01,0x24,0x01,0x25,0x01,0x05,0x01,0x05,0x01,0x05,
    0x02,0x04,0x13,0x01,0x05,0x01,0x05,0x01,0x13,0x01,0x25,0x01,0x34,0x01,0x02,0x01,
    0x05,0x02,0x13,0x23,0x01,0x11,0x02,0x04,0x24,0x01,0x12,0x01,0x35,0x01,0x04,0x01,
    0x33,0x02,0x13,0x34,0x01,0x21,0x01,0x24,0x01,0x25,0x01,0x33,0x01,0x23,0x01,0x23,
    0x01,0x04,0x01,0x33,0x01,0x04,0x01,0x03,0x03,0x21,0x53,0x63,0x01,0x05,0x01,0x34,
    0x01,0x51,0x03,0x11,0x45,0x61,0x01,0x03,0x01,0x24,0x01,0x15,0x01,0x05,0x01,0x03,
    0x01,0x35,0x01,0x35,0x01,0x44,0x01,0x24,0x01,0x24,0x01,0x04,0x02,0x04,0x24,0x01,
    0x14,0x01,0x15,0x01,0x02,0x01,0x25,0x01,0x35,0x01,0x45,0x01,0x15,0x01,0x34,0x01,
    0x34,0x01,0x34,0x03,0x53,0x66,0x72,0x01,0x21,0x02,0x41,0x54,0x01,0x25,0x01,0x11,
    0x01,0x13,0x01,0x35,0x01,0x53,0x01,0x34,0x01,0x41,0x01,0x43,0x01,0x35,0x01,0x34,
    0x01,0x11,0x01,0x43,0x01,0x13,0x01,0x34,0x01,0x22,0x01,0x45,0x01,0x32,0x01,0x45,
    0x01,0x34,0x01,0x34,0x01,0x34,0x01,0x03,0x01,0x43,0x01,0x35,0x01,0x14,0x01,0x24,
    0x01,0x23,0x01,0x14,0x02,0x01,0x22,0x02,0x24,0x31,0x01,0x31,0x01,0x25,0x01,0x15,
    0x01,0x34,0x01,0x43,0x01,0x34,0x01,0x54,0x01,0x46,0x01,0x13,0x01,0x24,0x01,0x24,
    0x02,0x15,0x24,0x01,0x04,0x01,0x24,0x01,0x11,0x01,0x35,0x01,0x14,0x01,0x33,0x01,
    0x14,0x01,0x35,0x02,0x13,0x22,0x01,0x11,0x01,0x24,0x01,0x12,0x01,0x34,0x01,0x25,
    0x01,0x11,0x01,0x32,0x01,0x45,0x01,0x34,0x01,0x13,0x01,0x25,0x01,0x25,0x01,0x25,
    0x01,0x14,0x01,0x25,0x01,0x13,0x01,0x14,0x01,0x13,0x01,0x44,0x01,0x65,0x01,0x33,
    0x01,0x11,0x01,0x53,0x02,0x11,0x22,0x01,0x13,0x01,0x11,0x01,0x23,0x01,0x24,0x01,
    0x15,0x02,0x03,0x34,0x01,0x15,0x01,0x11,0x01,0x11,0x01,0x12,0x01,0x25,0x01,0x13,
    0x01,0x34,0x02,0x15,0x43,0x01,0x44,0x01,0x44,0x01,0x11,0x01,0x15,0x01,0x11,0x01,
    0x14,0x01,0x34,0x02,0x35,0x61,0x01,0x24,0x01,0x15,0x02,0x04,0x13,0x01,0x11,0x01,
    0x13,0x01,0x45,0x01,0x13,0x01,0x15,0x01,0x55,0x01,0x34,0x02,0x25,0x35,0x01,0x43,
    0x01,0x23,0x01,0x25,0x01,0x25,0x01,0x25,0x01,0x05,0x02,0x11,0x24,0x01,0x25,0x02,
    0x14,0x25,0x01,0x34,0x01,0x25,0x01,0x14,0x01,0x14,0x01,0x14,0x01,0x45,0x01,0x23,
    0x01,0x13,0x01,0x14,0x01,0x22,0x01,0x15,0x01,0x35,0x01,0x25,0x01,0x13,0x01,0x24,
    0x01,0x24,0x02,0x13,0x22,0x01,0x23,0x01,0x23,0x01,0x03,0x01,0x14,0x01,0x34,0x01,
    0x21,0x01,0x23,0x01,0x11,0x01,0x44,0x01,0x13,0x01,0x23,0x01,0x11,0x01,0x21,0x02,
    0x15,0x22,0x01,0x32,0x01,0x04,0x01,0x02,0x01,0x24,0x01,0x24,0x01,0x11,0x01,0x23,
    0x01,0x34,0x02,0x02,0x11,0x01,0x13,0x01,0x14,0x01,0x14,0x01,0x05,0x01,0x04,0x01,
    0x01,0x01,0x24,0x01,0x25,0x02,0x13,0x21,0x01,0x34,0x03,0x04,0x11,0x22,0x02,0x12,
    0x23,0x01,0x14,0xc0,0x04,0x28,0x00,0x0e,0x20,0x26,0x00,0x32,0x03,0x00,0x00,0xdb,
    0x14,0x00,0x00,0x27,0x00,0x2e,0x00,0x61,0x00,0x62,0x00,0x63,0x00,0x64,0x00,0x65,
    0x00,0x66,0x00,0x67,0x00,0x68,0x00,0x69,0x00,0x6a,0x00,0x6b,0x00,0x6c,0x00,0x6d,
    0x00,0x6e,0x00,0x6f,0x00,0x70,0x00,0x71,0x00,0x72,0x00,0x73,0x00,0x74,0x00,0x75,
    0x00,0x76,0x00,0x77,0x00,0x78,0x00,0x79,0x00,0x7a,0x00,0xe0,0x00,0xe2,0x00,0xe7,
    0x00,0xe8,0x00,0xe9,0x00,0xea,0x00,0xee,0x00,0xef,0x00,0xf4,0x00,0xfb,0x00,0x53,
    0x01,0x19,0x20,0x00,0x00,0x00,0x00,0x01,0x00,0x00,0x00,0x00,0x00,0x00,0x00,0x00,
    0x00,0x00,0x00,0x00,0x00,0x00,0x7e,0x00,0x54,0x00,0x08,0x00,0x0a,0x0f,0x06,0x19,
    0x10,0x13,0x02,0x00,0x00,0x00,0x00,0x00,0x00,0xed,0x00,0xa2,0x00,0x02,0x00,0x1f,
    0x00,0x00,0x00,0x00,0x00,0x00,0x00,0x00,0x00,0x00,0x00,0x00,0x73,0x01,0xf4,0x00,
    0x09,0x01,0x04,0x10,0x0e,0x0e,0x06,0x0f,0x15,0x01,0x00,0x00,0x00,0x00,0x00,0xea,
    0x01,0x51,0x01,0x07,0x01,0x05,0x20,0x14,0x06,0x13,0x15,0x00,0x00,0x00,0x00,0x00,
    0x00,0x00,0x4f,0x02,0xbb,0x01,0x08,0x01,0x0a,0x0f,0x02,0x16,0x08,0x16,0x13,0x00,
    0x00,0x00,0x00,0x00,0x00,0xbe,0x02,0x0b,0x02,0x0a,0x01,0x0e,0x02,0x08,0x0f,0x0a,
    0x04,0x0a,0x05,0x06,0x00,0x00,0x00,0x00,0x37,0x03,0x6b,0x02,0x06,0x01,0x10,0x16,
    0x02,0x10,0x16,0x00,0x00,0x00,0x00,0x00,0x00,0x00,0x00,0xad,0x03,0xca,0x02,0x07,
    0x01,0x11,0x13,0x10,0x14,0x04,0x20,0x00,0x00,0x00,0x00,0x00,0x00,0x00,0x1c,0x04,
    0x27,0x03,0x05,0x01,0x13,0x06,0x14,0x15,0x00,0x00,0x00,0x00,0x00,0x00,0x00,0x00,
    0x00,0x73,0x04,0x81,0x03,0x04,0x01,0x13,0x20,0x20,0x00,0x00,0x00,0x00,0x00,0x00,
    0x00,0x00,0x00,0x00,0xe6,0x04,0xe2,0x03,0x08,0x01,0x15,0x02,0x0d,0x06,0x0f,0x15,
    0x01,0x00,0x00,0x00,0x00,0x00,0x00,0x88,0x05,0x2a,0x04,0x09,0x02,0x11,0x11,0x02,
    0x13,0x06,0x0f,0x15,0x01,0x00,0x00,0x00,0x00,0x00,0x08,0x06,0x6f,0x04,0x02,0x03,
    0x21,0x00,0x00,0x00,0x00,0x00,0x00,0x00,0x00,0x00,0x00,0x00,0x00,0x73,0x06,0xb6,
    0x04,0x06,0x04,0x09,0x13,0x06,0x14,0x01,0x00,0x00,0x00,0x00,0x00,0x00,0x00,0x00,
    0xd1,0x06,0xfa,0x04,0x04,0x04,0x10,0x02,0x16,0x00,0x00,0x00,0x00,0x00,0x00,0x00,
    0x00,0x00,0x00,0x4d,0x07,0x3d,0x05,0x07,0x05,0x02,0x0e,0x06,0x0f,0x15,0x01,0x00,
    0x00,0x00,0x00,0x00,0x00,0x00,0xcc,0x07,0x83,0x05,0x02,0x05,0x27,0x00,0x00,0x00,
    0x00,0x00,0x00,0x00,0x00,0x00,0x00,0x00,0x00,0x56,0x08,0xca,0x05,0x02,0x07,0x14,
    0x00,0x00,0x00,0x00,0x00,0x00,0x00,0x00,0x00,0x00,0x00,0x00,0xaf,0x08,0x12,0x06,
    0x02,0x08,0x10,0x00,0x00,0x00,0x00,0x00,0x00,0x00,0x00,0x00,0x00,0x00,0x00,0x11,
    0x09,0x55,0x06,0x06,0x09,0x1a,0x11,0x06,0x13,0x06,0x00,0x00,0x00,0x00,0x00,0x00,
    0x00,0x00,0x8a,0x09,0x9d,0x06,0x09,0x0a,0x0f,0x05,0x0a,0x08,0x06,0x0f,0x15,0x01,
    0x00,0x00,0x00,0x00,0x00,0x22,0x0a,0xe4,0x06,0x02,0x0c,0x10,0x00,0x00,0x00,0x00,
    0x00,0x00,0x00,0x00,0x00,0x00,0x00,0x00,0x77,0x0a,0x27,0x07,0x02,0x0d,0x24,0x00,
    0x00,0x00,0x00,0x00,0x00,0x00,0x00,0x00,0x00,0x00,0x00,0xea,0x0a,0x6e,0x07,0x02,
    0x0f,0x06,0x00,0x00,0x00,0x00,0x00,0x00,0x00,0x00,0x00,0x00,0x00,0x00,0x67,0x0b,
    0xb6,0x07,0x05,0x10,0x14,0x15,0x02,0x14,0x00,0x00,0x00,0x00,0x00,0x00,0x00,0x00,
    0x00,0xdb,0x0b,0x02,0x08,0x06,0x11,0x09,0x10,0x15,0x10,0x14,0x00,0x00,0x00,0x00,
    0x00,0x00,0x00,0x00,0x43,0x0c,0x51,0x08,0x0d,0x11,0x13,0x0a,0x17,0x02,0x15,0x05,
    0x10,0x04,0x06,0x0f,0x15,0x01,0x00,0xd2,0x0c,0x9a,0x08,0x08,0x13,0x02,0x0a,0x0e,
    0x06,0x0f,0x15,0x01,0x00,0x00,0x00,0x00,0x00,0x00,0x62,0x0d,0xdd,0x08,0x02,0x13,
    0x22,0x00,0x00,0x00,0x00,0x00,0x00,0x00,0x00,0x00,0x00,0x00,0x00,0xcb,0x0d,0x25,
    0x09,0x04,0x14,0x0d,0x10,0x17,0x00,0x00,0x00,0x00,0x00,0x00,0x00,0x00,0x00,0x00,
    0x58,0x0e,0x79,0x09,0x02,0x14,0x20,0x00,0x00,0x00,0x00,0x00,0x00,0x00,0x00,0x00,
    0x00,0x00,0x00,0xcb,0x0e,0xbe,0x09,0x02,0x15,0x0a,0x00,0x00,0x00,0x00,0x00,0x00,
    0x00,0x00,0x00,0x00,0x00,0x00,0x40,0x0f,0x0f,0x0a,0x05,0x15,0x20,0x0d,0x20,0x14,
    0x00,0x00,0x00,0x00,0x00,0x00,0x00,0x00,0x00,0xbd,0x0f,0x55,0x0a,0x02,0x17,0x1d,
    0x00,0x00,0x00,0x00,0x00,0x00,0x00,0x00,0x00,0x00,0x00,0x00,0x1a,0x10,0x99,0x0a,
    0x02,0x1b,0x1f,0x00,0x00,0x00,0x00,0x00,0x00,0x00,0x00,0x00,0x00,0x00,0x00,0xc8,
    0x10,0xe3,0x0a,0x08,0x27,0x02,0x0e,0x0a,0x0f,0x10,0x02,0x04,0x00,0x00,0x00,0x00,
    0x00,0x00,0x46,0x11,0x38,0x0b,0x04,0x27,0x0a,0x0f,0x10,0x00,0x00,0x00,0x00,0x00,
    0x00,0x00,0x00,0x00,0x00,0x01,0x00,0x11,0x02,0x24,0x03,0x13,0x20,0x02,0x24,0x06,
    0x14,0x04,0x09,0x24,0x08,0x0f,0x02,0x15,0x25,0x0d,0x04,0x10,0x10,0x0d,0x26,0x0e,
    0x0a,0x0f,0x10,0x02,0x04,0x25,0x0f,0x02,0x14,0x15,0x13,0x37,0x06,0x14,0x15,0x09,
    0x20,0x14,0x0a,0x33,0x15,0x0a,0x02,0x51,0x06,0x63,0x0f,0x0f,0x06,0x51,0x14,0x51,
    0x20,0x25,0x11,0x10,0x14,0x15,0x02,0x26,0x13,0x08,0x06,0x0f,0x15,0x01,0x35,0x11,
    0x06,0x0f,0x15,0x01,0x23,0x14,0x15,0x02,0x11,0x06,0x22,0x0f,0x02,0x31,0x10,0x23,
    0x16,0x13,0x02,0x11,0x0a,0x23,0x08,0x0f,0x0a,0x41,0x20,0x22,0x0f,0x02,0x43,0x0f,
    0x0a,0x15,0x44,0x16,0x08,0x16,0x13,0x31,0x06,0x44,0x07,0x07,0x02,0x03,0x42,0x11,
    0x15,0x41,0x13,0x08,0x00,0x0a,0x0f,0x06,0x19,0x10,0x13,0x02,0x36,0x07,0x10,0x13,
    0x0e,0x02,0x15,0x31,0x0a,0x44,0x0e,0x0a,0x15,0x0a,0x41,0x12,0x41,0x15,0x31,0x10,
    0x43,0x04,0x16,0x0d,0x42,0x0f,0x05,0x34,0x14,0x15,0x02,0x03,0x33,0x15,0x06,0x13,
    0x61,0x02,0x61,0x06,0x61,0x0a,0x61,0x10,0x61,0x14,0x61,0x16,0x61,0x20,0x31,0x16,
    0x42,0x0a,0x15,0x41,0x0d,0x31,0x20,0x45,0x0d,0x16,0x04,0x15,0x02,0x45,0x0f,0x02,
    0x13,0x13,0x02,0x11,0x10,0x24,0x04,0x15,0x06,0x15,0x27,0x0f,0x08,0x16,0x06,0x0f,
    0x15,0x01,0x24,0x16,0x02,0x10,0x16,0x24,0x17,0x0a,0x14,0x04,0x11,0x16,0x11,0x1a,
    0x11,0x1d,0x02,0x00,0x1f,0x11,0x20,0x11,0x21,0x11,0x22,0x11,0x24,0x11,0x25,0x02,
    0x01,0x02,0x24,0x03,0x13,0x20,0x02,0x24,0x06,0x14,0x04,0x09,0x24,0x08,0x0f,0x02,
    0x15,0x26,0x0e,0x0a,0x0f,0x10,0x02,0x04,0x25,0x0f,0x02,0x14,0x15,0x13,0x33,0x15,
    0x0a,0x02,0x51,0x06,0x63,0x0f,0x0f,0x06,0x51,0x14,0x51,0x20,0x25,0x11,0x10,0x14,
    0x15,0x02,0x26,0x13,0x05,0x06,0x0f,0x15,0x01,0x35,0x08,0x06,0x0f,0x15,0x01,0x35,
    0x11,0x06,0x0f,0x15,0x01,0x23,0x14,0x15,0x02,0x19,0x03,0x02,0x0a,0x14,0x06,0x0e,
    0x02,0x0a,0x0f,0x23,0x0a,0x02,0x04,0x41,0x15,0x41,0x16,0x32,0x10,0x02,0x32,0x14,
    0x02,0x31,0x16,0x12,0x04,0x09,0x3b,0x1f,0x17,0x13,0x06,0x07,0x06,0x16,0x0a,0x0d,
    0x0d,0x06,0x25,0x0a,0x14,0x02,0x0d,0x11,0x09,0x01,0x04,0x10,0x0e,0x0e,0x06,0x0f,
    0x15,0x01,0x31,0x0f,0x41,0x14,0x49,0x15,0x13,0x06,0x0e,0x02,0x22,0x15,0x13,0x06,
    0x72,0x14,0x04,0x31,0x10,0x43,0x0d,0x0a,0x06,0x22,0x16,0x0d,0x17,0x05,0x02,0x04,
    0x13,0x1a,0x10,0x02,0x25,0x0a,0x02,0x04,0x0a,0x05,0x51,0x20,0x42,0x0d,0x05,0x42,
    0x0e,0x0a,0x43,0x15,0x10,0x0e,0x32,0x06,0x0f,0x32,0x14,0x09,0x26,0x10,0x0d,0x06,
    0x0f,0x15,0x01,0x22,0x1a,0x14,0x41,0x02,0x41,0x0a,0x41,0x10,0x41,0x16,0x22,0x20,
    0x02,0x32,0x0a,0x10,0x31,0x10,0x31,0x14,0x43,0x02,0x04,0x13,0x51,0x0e,0x53,0x14,
    0x15,0x13,0x54,0x15,0x06,0x0d,0x0d,0x41,0x04,0x45,0x06,0x0f,0x14,0x0a,0x03,0x07,
    0x01,0x05,0x20,0x14,0x06,0x13,0x15,0x52,0x19,0x16,0x41,0x0a,0x51,0x05,0x52,0x08,
    0x0f,0x52,0x0d,0x0a,0x53,0x0f,0x06,0x0f,0x62,0x17,0x10,0x51,0x13,0x52,0x14,0x15,
    0x43,0x10,0x05,0x20,0x51,0x0d,0x53,0x11,0x0a,0x0d,0x52,0x13,0x0e,0x61,0x11,0x53,
    0x16,0x07,0x13,0x41,0x11,0x41,0x15,0x42,0x16,0x0f,0x41,0x20,0x52,0x08,0x13,0x41,
    0x26,0x11,0x06,0x22,0x0f,0x02,0x31,0x10,0x23,0x16,0x13,0x02,0x18,0x08,0x06,0x0e,
    0x0e,0x06,0x0f,0x15,0x01,0x11,0x0a,0x23,0x08,0x0f,0x0a,0x41,0x20,0x22,0x0f,0x02,
    0x43,0x0f,0x0a,0x15,0x08,0x01,0x0a,0x0f,0x02,0x16,0x08,0x16,0x13,0x31,0x06,0x44,
    0x07,0x07,0x02,0x03,0x42,0x11,0x15,0x41,0x13,0x44,0x19,0x10,0x13,0x02,0x31,0x0a,
    0x44,0x0e,0x0a,0x15,0x0a,0x41,0x12,0x41,0x15,0x31,0x10,0x43,0x04,0x16,0x0d,0x42,
    0x0f,0x05,0x34,0x14,0x15,0x02,0x03,0x33,0x15,0x06,0x13,0x61,0x02,0x61,0x06,0x61,
    0x0a,0x61,0x10,0x61,0x14,0x61,0x16,0x61,0x20,0x31,0x16,0x42,0x0a,0x15,0x41,0x0d,
    0x31,0x20,0x45,0x0d,0x16,0x04,0x15,0x02,0x45,0x0f,0x02,0x13,0x13,0x02,0x12,0x0c,
    0x09,0x17,0x0d,0x02,0x15,0x06,0x0f,0x15,0x01,0x14,0x0e,0x02,0x04,0x0c,0x44,0x13,
    0x10,0x14,0x04,0x0a,0x01,0x0e,0x02,0x08,0x0f,0x0a,0x04,0x0a,0x05,0x06,0x65,0x07,
    0x0a,0x04,0x02,0x15,0x52,0x16,0x0e,0x36,0x0d,0x02,0x05,0x13,0x06,0x14,0x71,0x10,
    0x53,0x0a,0x14,0x20,0x51,0x11,0x51,0x17,0x42,0x06,0x0f,0x43,0x0a,0x0f,0x15,0x42,
    0x10,0x04,0x51,0x05,0x32,0x13,0x19,0x26,0x0a,0x0d,0x0d,0x0a,0x02,0x0e,0x24,0x10,
    0x0f,0x10,0x02,0x51,0x06,0x51,0x0a,0x51,0x10,0x51,0x14,0x51,0x16,0x51,0x20,0x53,
    0x23,0x05,0x20,0x24,0x20,0x08,0x10,0x09,0x32,0x14,0x02,0x51,0x0f,0x42,0x06,0x14,
    0x41,0x0a,0x42,0x16,0x14,0x35,0x15,0x02,0x14,0x15,0x02,0x16,0x0f,0x10,0x0f,0x10,
    0x03,0x14,0x11,0x10,0x27,0x0f,0x08,0x16,0x06,0x0f,0x15,0x01,0x06,0x01,0x10,0x16,
    0x02,0x10,0x16,0x24,0x17,0x0a,0x14,0x04,0x15,0x11,0x02,0x0f,0x02,0x07,0x52,0x0e,
    0x20,0x52,0x13,0x02,0x42,0x0a,0x14,0x43,0x10,0x11,0x09,0x61,0x15,0x35,0x13,0x02,
    0x04,0x09,0x06,0x71,0x1f,0x51,0x14,0x44,0x06,0x0f,0x15,0x01,0x42,0x09,0x20,0x35,
    0x15,0x06,0x0f,0x15,0x01,0x24,0x06,0x0f,0x15,0x02,0x31,0x13,0x41,0x02,0x41,0x06,
    0x41,0x0a,0x41,0x10,0x41,0x16,0x41,0x20,0x21,0x09,0x36,0x02,0x0d,0x02,0x0f,0x14,
    0x15,0x25,0x0d,0x16,0x13,0x0a,0x02,0x25,0x10,0x0f,0x15,0x06,0x15,0x33,0x14,0x15,
    0x09,0x52,0x0a,0x0f,0x51,0x10,0x51,0x13,0x51,0x14,0x27,0x13,0x10,0x08,0x0f,0x02,
    0x15,0x09,0x07,0x01,0x11,0x13,0x10,0x14,0x04,0x20,0x43,0x16,0x05,0x09,0x41,0x20,
    0x32,0x20,0x02,0x52,0x0d,0x02,0x51,0x16,0x41,0x06,0x41,0x0a,0x41,0x10,0x41,0x14,
    0x41,0x16,0x41,0x20,0x27,0x14,0x1a,0x04,0x09,0x10,0x02,0x0f,0x24,0x16,0x05,0x05,
    0x0d,0x25,0x20,0x13,0x0a,0x10,0x14,0x51,0x14,0x61,0x14,0x62,0x15,0x02,0x51,0x16,
    0x13,0x13,0x06,0x14,0x43,0x04,0x02,0x11,0x53,0x0a,0x14,0x0a,0x71,0x10,0x52,0x10,
    0x16,0x52,0x13,0x0a,0x44,0x11,0x06,0x04,0x15,0x52,0x0a,0x13,0x54,0x0d,0x06,0x0f,
    0x05,0x53,0x10,0x0f,0x14,0x44,0x12,0x16,0x0a,0x0d,0x41,0x14,0x54,0x06,0x0f,0x15,
    0x01,0x05,0x01,0x13,0x06,0x14,0x15,0x52,0x02,0x03,0x61,0x08,0x62,0x0f,0x05,0x61,
    0x15,0x52,0x0a,0x0e,0x61,0x11,0x52,0x10,0x04,0x61,0x11,0x51,0x13,0x63,0x06,0x0a,
    0x0f,0x63,0x0a,0x04,0x15,0x71,0x0f,0x51,0x16,0x51,0x1a,0x52,0x20,0x0f,0x61,0x13,
    0x22,0x20,0x02,0x42,0x0d,0x06,0x52,0x0a,0x14,0x61,0x15,0x42,0x16,0x19,0x31,0x06,
    0x41,0x0d,0x41,0x13,0x31,0x0a,0x42,0x07,0x0a,0x31,0x10,0x34,0x15,0x13,0x10,0x02,
    0x31,0x16,0x42,0x14,0x14,0x32,0x1f,0x13,0x04,0x01,0x13,0x20,0x20,0x18,0x14,0x02,
    0x13,0x0e,0x06,0x0f,0x15,0x01,0x22,0x04,0x09,0x27,0x06,0x13,0x0e,0x06,0x0f,0x15,
    0x01,0x33,0x16,0x0d,0x06,0x21,0x09,0x27,0x10,0x16,0x17,0x06,0x0f,0x15,0x01,0x24,
    0x15,0x02,0x08,0x0f,0x33,0x0a,0x0d,0x0d,0x23,0x16,0x03,0x02,0x52,0x0d,0x15,0x42,
    0x0a,0x0f,0x45,0x0d,0x0a,0x0e,0x0a,0x0f,0x61,0x0f,0x51,0x16,0x42,0x16,0x13,0x41,
    0x20,0x51,0x13,0x32,0x13,0x02,0x51,0x15,0x41,0x06,0x52,0x02,0x16,0x52,0x0d,0x0d,
    0x51,0x15,0x41,0x09,0x42,0x0a,0x0e,0x52,0x0f,0x07,0x61,0x15,0x42,0x10,0x07,0x51,
    0x19,0x41,0x20,0x27,0x1a,0x0f,0x08,0x0f,0x02,0x15,0x09,0x08,0x01,0x15,0x02,0x0d,
    0x06,0x0f,0x15,0x01,0x21,0x09,0x24,0x13,0x0a,0x02,0x04,0x51,0x0f,0x51,0x15,0x42,
    0x10,0x0f,0x11,0x16,0x11,0x1a,0x11,0x1d,0x11,0x1f,0x11,0x20,0x27,0x0e,0x0a,0x0f,
    0x06,0x0f,0x15,0x01,0x11,0x21,0x11,0x22,0x11,0x24,0x11,0x25,0x03,0x02,0x03,0x09,
    0x25,0x14,0x06,0x0f,0x15,0x01,0x37,0x15,0x0a,0x0f,0x06,0x0f,0x15,0x01,0x26,0x22,
    0x0e,0x06,0x0f,0x15,0x01,0x16,0x04,0x04,0x06,0x0f,0x15,0x01,0x2a,0x12,0x16,0x0a,
    0x06,0x14,0x04,0x06,0x0f,0x15,0x01,0x12,0x05,0x09,0x14,0x08,0x0f,0x10,0x14,0x16,
    0x0a,0x0e,0x06,0x0f,0x15,0x01,0x15,0x0d,0x02,0x0d,0x08,0x0a,0x24,0x04,0x10,0x10,
    0x0d,0x1a,0x0e,0x02,0x0d,0x08,0x02,0x0e,0x06,0x0f,0x15,0x01,0x18,0x0f,0x06,0x14,
    0x15,0x09,0x20,0x14,0x0a,0x26,0x0a,0x0e,0x06,0x0f,0x15,0x01,0x2a,0x15,0x0a,0x07,
    0x06,0x13,0x0e,0x06,0x0f,0x15,0x01,0x15,0x11,0x10,0x14,0x15,0x13,0x09,0x02,0x11,
    0x11,0x02,0x13,0x06,0x0f,0x15,0x01,0x18,0x13,0x04,0x09,0x0a,0x20,0x11,0x0a,0x14,
    0x25,0x0e,0x06,0x0f,0x15,0x01,0x33,0x0a,0x0d,0x0d,0x16,0x14,0x0e,0x06,0x0f,0x15,
    0x01,0x23,0x15,0x13,0x10,0x16,0x16,0x0e,0x06,0x0f,0x15,0x01,0x14,0x17,0x0a,0x0d,
    0x0d,0x14,0x1f,0x05,0x13,0x06,0x02,0x03,0x02,0x11,0x06,0x21,0x01,0x23,0x0f,0x15,
    0x01,0x22,0x14,0x01,0x11,0x0a,0x11,0x0d,0x22,0x06,0x01,0x33,0x0f,0x15,0x01,0x32,
    0x14,0x01,0x11,0x10,0x26,0x16,0x0e,0x06,0x0f,0x15,0x01,0x34,0x15,0x0a,0x0d,0x0d,
    0x11,0x13,0x22,0x06,0x01,0x33,0x0f,0x15,0x01,0x32,0x14,0x01,0x26,0x16,0x0e,0x06,
    0x0f,0x15,0x01,0x11,0x16,0x11,0x1a,0x11,0x1d,0x11,0x1f,0x11,0x20,0x02,0x03,0x21,
    0x11,0x22,0x11,0x24,0x11,0x25,0x02,0x04,0x02,0x23,0x10,0x16,0x15,0x24,0x11,0x0a,
    0x0d,0x0d,0x27,0x13,0x21,0x0e,0x06,0x0f,0x15,0x01,0x17,0x04,0x0a,0x05,0x06,0x0f,
    0x15,0x01,0x11,0x06,0x21,0x01,0x23,0x0f,0x15,0x01,0x22,0x14,0x01,0x11,0x09,0x21,
    0x01,0x21,0x03,0x22,0x06,0x01,0x33,0x0f,0x15,0x01,0x32,0x14,0x01,0x34,0x17,0x0a,
    0x0d,0x0d,0x21,0x08,0x28,0x0a,0x06,0x0f,0x05,0x06,0x0f,0x15,0x01,0x21,0x0d,0x32,
    0x06,0x01,0x42,0x14,0x01,0x34,0x10,0x13,0x02,0x04,0x52,0x20,0x15,0x21,0x0e,0x21,
    0x0f,0x21,0x11,0x21,0x13,0x32,0x06,0x01,0x06,0x04,0x09,0x13,0x06,0x14,0x01,0x36,
    0x10,0x0e,0x06,0x0f,0x15,0x01,0x21,0x14,0x21,0x15,0x21,0x18,0x11,0x0a,0x22,0x0d,
    0x0d,0x11,0x0c,0x21,0x01,0x21,0x03,0x22,0x06,0x01,0x33,0x0f,0x15,0x01,0x32,0x14,
    0x01,0x21,0x07,0x21,0x08,0x21,0x09,0x21,0x11,0x21,0x14,0x21,0x15,0x11,0x0d,0x26,
    0x02,0x0e,0x06,0x0f,0x15,0x01,0x22,0x06,0x01,0x33,0x0f,0x15,0x01,0x32,0x14,0x01,
    0x11,0x10,0x23,0x02,0x04,0x04,0x41,0x12,0x31,0x05,0x31,0x11,0x31,0x13,0x34,0x14,
    0x14,0x10,0x04,0x52,0x16,0x13,0x04,0x04,0x10,0x02,0x16,0x31,0x19,0x22,0x06,0x07,
    0x31,0x0f,0x31,0x19,0x25,0x08,0x0f,0x0a,0x15,0x0a,0x28,0x0e,0x11,0x20,0x15,0x06,
    0x0f,0x15,0x01,0x28,0x0f,0x07,0x0a,0x05,0x06,0x0f,0x15,0x01,0x37,0x0f,0x0a,0x17,
    0x06,0x0f,0x15,0x01,0x37,0x15,0x0a,0x0f,0x06,0x0f,0x15,0x01,0x65,0x08,0x06,0x0f,
    0x15,0x01,0x33,0x16,0x13,0x03,0x28,0x13,0x11,0x16,0x0d,0x06,0x0f,0x15,0x01,0x21,
    0x20,0x11,0x13,0x22,0x06,0x01,0x33,0x0f,0x15,0x01,0x32,0x14,0x01,0x11,0x16,0x26,
    0x13,0x13,0x06,0x0f,0x15,0x01,0x11,0x1a,0x24,0x13,0x0a,0x0d,0x0d,0x11,0x1d,0x11,
    0x1f,0x11,0x20,0x11,0x21,0x11,0x22,0x11,0x24,0x11,0x25,0x11,0x26,0x02,0x05,0x00,
    0x11,0x02,0x07,0x05,0x02,0x0e,0x06,0x0f,0x15,0x01,0x12,0x05,0x09,0x11,0x06,0x21,
    0x01,0x23,0x0f,0x15,0x01,0x22,0x14,0x01,0x13,0x09,0x02,0x0d,0x23,0x10,0x16,0x05,
    0x11,0x0a,0x2b,0x02,0x11,0x09,0x13,0x02,0x08,0x0e,0x06,0x0f,0x15,0x01,0x27,0x0d,
    0x0a,0x08,0x06,0x0f,0x15,0x01,0x24,0x14,0x04,0x10,0x11,0x37,0x14,0x0a,0x05,0x06,
    0x0f,0x15,0x01,0x34,0x15,0x0a,0x0d,0x0d,0x15,0x0d,0x06,0x0f,0x15,0x01,0x11,0x10,
    0x11,0x13,0x22,0x06,0x01,0x33,0x0f,0x15,0x01,0x32,0x14,0x01,0x11,0x14,0x11,0x16,
    0x11,0x1a,0x11,0x1d,0x11,0x1f,0x11,0x20,0x27,0x04,0x02,0x05,0x06,0x0f,0x15,0x01,
    0x28,0x15,0x13,0x0a,0x0e,0x06,0x0f,0x15,0x01,0x11,0x21,0x11,0x22,0x11,0x24,0x11,
    0x25,0x02,0x05,0x27,0x05,0x06,0x0f,0x0a,0x17,0x13,0x28,0x15,0x13,0x06,0x08,0x06,
    0x0f,0x15,0x01,0x16,0x13,0x0e,0x06,0x0f,0x15,0x01,0x16,0x14,0x04,0x06,0x0f,0x15,
    0x01,0x31,0x09,0x32,0x10,0x11,0x27,0x15,0x0a,0x0e,0x06,0x0f,0x15,0x01,0x15,0x16,
    0x14,0x15,0x02,0x15,0x14,0x19,0x15,0x13,0x02,0x51,0x04,0x51,0x0a,0x02,0x07,0x02,
    0x25,0x0e,0x06,0x0f,0x15,0x01,0x11,0x06,0x21,0x01,0x23,0x0f,0x15,0x01,0x22,0x14,
    0x01,0x11,0x0a,0x28,0x04,0x09,0x16,0x0e,0x06,0x0f,0x15,0x01,0x26,0x13,0x0e,0x06,
    0x0f,0x15,0x01,0x11,0x0d,0x27,0x02,0x0e,0x0e,0x06,0x0f,0x15,0x01,0x22,0x06,0x01,
    0x33,0x0f,0x15,0x01,0x32,0x14,0x01,0x11,0x10,0x11,0x13,0x22,0x06,0x01,0x33,0x0f,
    0x15,0x01,0x32,0x14,0x01,0x25,0x0a,0x15,0x0a,0x0d,0x0d,0x02,0x07,0x14,0x11,0x16,
    0x25,0x0e,0x06,0x0f,0x15,0x01,0x11,0x1a,0x11,0x1d,0x11,0x1f,0x11,0x20,0x27,0x04,
    0x16,0x0d,0x06,0x0f,0x15,0x01,0x11,0x21,0x11,0x22,0x11,0x24,0x11,0x25,0x02,0x08,
    0x02,0x11,0x06,0x21,0x01,0x23,0x0f,0x15,0x01,0x22,0x14,0x01,0x12,0x09,0x02,0x21,
    0x06,0x21,0x0a,0x21,0x10,0x21,0x1a,0x11,0x0a,0x22,0x0d,0x0d,0x11,0x0d,0x22,0x06,
    0x01,0x33,0x0f,0x15,0x01,0x32,0x14,0x01,0x11,0x0f,0x22,0x06,0x01,0x33,0x0f,0x15,
    0x01,0x32,0x14,0x01,0x02,0x08,0x10,0x11,0x13,0x27,0x02,0x0e,0x0e,0x06,0x0f,0x15,
    0x01,0x3b,0x0f,0x05,0x0a,0x0d,0x10,0x12,0x16,0x06,0x0f,0x15,0x01,0x22,0x06,0x01,
    0x33,0x0f,0x15,0x01,0x32,0x14,0x01,0x11,0x14,0x11,0x16,0x22,0x06,0x01,0x33,0x0f,
    0x15,0x01,0x32,0x14,0x01,0x11,0x1a,0x11,0x1d,0x11,0x1f,0x11,0x20,0x11,0x21,0x11,
    0x22,0x11,0x24,0x11,0x25,0x02,0x09,0x02,0x11,0x06,0x21,0x01,0x22,0x14,0x01,0x11,
    0x0a,0x22,0x0d,0x0d,0x11,0x10,0x11,0x16,0x25,0x0e,0x06,0x0f,0x15,0x01,0x11,0x1a,
    0x23,0x11,0x06,0x13,0x51,0x02,0x06,0x09,0x1a,0x11,0x06,0x13,0x06,0x51,0x0a,0x51,
    0x10,0x51,0x14,0x51,0x16,0x51,0x20,0x32,0x10,0x02,0x41,0x06,0x41,0x0a,0x41,0x10,
    0x41,0x14,0x41,0x16,0x41,0x20,0x11,0x1d,0x11,0x1f,0x11,0x20,0x23,0x0e,0x0a,0x20,
    0x33,0x10,0x11,0x15,0x11,0x21,0x11,0x22,0x11,0x24,0x11,0x25,0x05,0x0a,0x02,0x0d,
    0x08,0x0a,0x24,0x13,0x15,0x09,0x13,0x15,0x03,0x13,0x0a,0x0d,0x0d,0x12,0x0d,0x0d,
    0x18,0x0e,0x0e,0x02,0x0f,0x06,0x0f,0x15,0x01,0x36,0x0a,0x0f,0x06,0x0f,0x15,0x01,
    0x46,0x14,0x04,0x06,0x0f,0x15,0x01,0x27,0x11,0x10,0x15,0x06,0x0f,0x15,0x01,0x36,
    0x16,0x05,0x06,0x0f,0x15,0x01,0x18,0x0f,0x04,0x0a,0x05,0x06,0x0f,0x15,0x01,0x09,
    0x0a,0x0f,0x05,0x0a,0x08,0x06,0x0f,0x15,0x01,0x36,0x10,0x0d,0x06,0x0f,0x15,0x01,
    0x37,0x16,0x0d,0x08,0x06,0x0f,0x15,0x01,0x26,0x07,0x10,0x13,0x0e,0x02,0x15,0x27,
    0x0f,0x10,0x04,0x06,0x0f,0x15,0x01,0x27,0x14,0x10,0x0d,0x06,0x0f,0x15,0x01,0x34,
    0x15,0x0a,0x0d,0x0d,0x2a,0x15,0x06,0x0d,0x0d,0x0a,0x08,0x06,0x0f,0x15,0x01,0x36,
    0x0a,0x0e,0x06,0x0f,0x15,0x01,0x14,0x10,0x02,0x04,0x15,0x22,0x19,0x1a,0x16,0x14,
    0x04,0x06,0x0f,0x15,0x01,0x33,0x09,0x0a,0x02,0x51,0x10,0x41,0x20,0x23,0x15,0x02,
    0x15,0x17,0x17,0x02,0x0d,0x06,0x0f,0x15,0x01,0x14,0x1f,0x05,0x13,0x06,0x01,0x0b,
    0x16,0x02,0x04,0x06,0x0f,0x15,0x01,0x12,0x06,0x01,0x23,0x0f,0x15,0x01,0x22,0x14,
    0x01,0x11,0x0c,0x02,0x0c,0x02,0x11,0x06,0x21,0x01,0x23,0x0f,0x15,0x01,0x22,0x14,
    0x01,0x11,0x09,0x21,0x01,0x11,0x0a,0x02,0x0c,0x10,0x11,0x13,0x11,0x16,0x11,0x1a,
    0x11,0x1d,0x11,0x1f,0x11,0x20,0x11,0x21,0x11,0x22,0x11,0x24,0x11,0x25,0x02,0x0d,
    0x02,0x23,0x18,0x13,0x06,0x11,0x06,0x21,0x01,0x23,0x0f,0x15,0x01,0x22,0x14,0x01,
    0x11,0x0a,0x22,0x0d,0x0d,0x14,0x0d,0x0a,0x10,0x0f,0x26,0x16,0x0e,0x06,0x0f,0x15,
    0x01,0x15,0x0e,0x06,0x0f,0x15,0x01,0x11,0x10,0x12,0x14,0x15,0x11,0x16,0x11,0x1a,
    0x11,0x1c,0x11,0x1d,0x11,0x1f,0x11,0x20,0x11,0x21,0x11,0x22,0x02,0x0d,0x24,0x11,
    0x25,0x02,0x0e,0x02,0x11,0x06,0x21,0x01,0x22,0x14,0x01,0x11,0x0a,0x22,0x0d,0x0d,
    0x42,0x06,0x15,0x25,0x0e,0x06,0x0f,0x15,0x01,0x26,0x15,0x15,0x06,0x0f,0x15,0x01,
    0x13,0x0f,0x1f,0x14,0x23,0x20,0x0e,0x10,0x32,0x14,0x0a,0x11,0x10,0x29,0x0f,0x10,
    0x17,0x02,0x0d,0x06,0x0f,0x15,0x01,0x35,0x15,0x13,0x20,0x02,0x0d,0x25,0x1a,0x06,
    0x0f,0x1d,0x08,0x11,0x14,0x11,0x16,0x29,0x0f,0x0a,0x07,0x0a,0x04,0x06,0x0f,0x15,
    0x01,0x11,0x1a,0x11,0x1d,0x11,0x1f,0x11,0x20,0x28,0x04,0x10,0x0f,0x15,0x06,0x0f,
    0x15,0x01,0x11,0x21,0x11,0x22,0x11,0x24,0x11,0x25,0x11,0x26,0x02,0x0f,0x02,0x02,
    0x0f,0x06,0x21,0x01,0x23,0x0f,0x15,0x01,0x22,0x14,0x01,0x11,0x0a,0x11,0x10,0x14,
    0x14,0x02,0x15,0x01,0x42,0x14,0x01,0x11,0x16,0x28,0x15,0x13,0x0a,0x0e,0x06,0x0f,
    0x15,0x01,0x11,0x19,0x11,0x1a,0x11,0x1d,0x11,0x1f,0x11,0x20,0x11,0x21,0x11,0x22,
    0x11,0x24,0x11,0x25,0x11,0x26,0x06,0x10,0x03,0x0d,0x10,0x0f,0x08,0x14,0x04,0x15,
    0x06,0x15,0x12,0x05,0x0d,0x17,0x08,0x0f,0x10,0x0e,0x10,0x0f,0x0a,0x42,0x14,0x0a,
    0x14,0x0a,0x10,0x0f,0x0a,0x15,0x0e,0x03,0x16,0x05,0x14,0x25,0x0e,0x06,0x0f,0x15,
    0x01,0x29,0x0f,0x0a,0x11,0x10,0x15,0x06,0x0f,0x15,0x01,0x41,0x14,0x17,0x11,0x16,
    0x0d,0x06,0x0f,0x15,0x01,0x16,0x13,0x0e,0x06,0x0f,0x15,0x01,0x05,0x10,0x14,0x15,
    0x02,0x14,0x41,0x15,0x32,0x0a,0x0e,0x32,0x10,0x0e,0x33,0x13,0x02,0x05,0x52,0x15,
    0x16,0x46,0x0a,0x04,0x15,0x0a,0x10,0x0f,0x33,0x20,0x13,0x10,0x13,0x19,0x1a,0x02,
    0x14,0x1f,0x05,0x13,0x06,0x02,0x11,0x02,0x24,0x0d,0x20,0x10,0x20,0x25,0x11,0x0a,
    0x0d,0x0d,0x02,0x61,0x06,0x61,0x0a,0x62,0x10,0x0e,0x11,0x06,0x21,0x01,0x23,0x0f,
    0x15,0x01,0x22,0x13,0x09,0x37,0x0e,0x02,0x0f,0x06,0x0f,0x15,0x01,0x37,0x15,0x0a,
    0x0f,0x06,0x0f,0x15,0x01,0x22,0x14,0x01,0x11,0x09,0x21,0x01,0x22,0x06,0x01,0x33,
    0x0f,0x15,0x01,0x32,0x14,0x01,0x21,0x0d,0x32,0x06,0x01,0x42,0x14,0x01,0x21,0x0f,
    0x06,0x11,0x09,0x10,0x15,0x10,0x14,0x21,0x13,0x32,0x06,0x01,0x42,0x14,0x01,0x21,
    0x14,0x21,0x15,0x33,0x02,0x0d,0x20,0x32,0x0a,0x14,0x11,0x0a,0x24,0x13,0x0a,0x0d,
    0x0d,0x11,0x0d,0x22,0x06,0x01,0x33,0x0f,0x15,0x01,0x32,0x14,0x01,0x26,0x16,0x0e,
    0x06,0x0f,0x15,0x01,0x13,0x0f,0x06,0x16,0x21,0x20,0x11,0x10,0x25,0x02,0x14,0x15,
    0x13,0x06,0x23,0x0d,0x1a,0x02,0x41,0x06,0x41,0x0a,0x41,0x10,0x41,0x14,0x41,0x16,
    0x47,0x17,0x02,0x0d,0x06,0x0f,0x15,0x01,0x41,0x1f,0x41,0x20,0x11,0x13,0x22,0x06,
    0x01,0x33,0x0f,0x15,0x01,0x32,0x14,0x01,0x0d,0x11,0x13,0x0a,0x17,0x02,0x15,0x05,
    0x10,0x04,0x06,0x0f,0x15,0x01,0x85,0x1b,0x06,0x0f,0x15,0x01,0x25,0x10,0x14,0x15,
    0x02,0x15,0x38,0x20,0x0e,0x0a,0x0f,0x06,0x0f,0x15,0x01,0x26,0x16,0x05,0x06,0x0f,
    0x15,0x01,0x26,0x20,0x14,0x06,0x0f,0x15,0x01,0x38,0x20,0x0e,0x0a,0x0f,0x06,0x0f,
    0x15,0x01,0x14,0x14,0x1a,0x04,0x09,0x13,0x15,0x1f,0x13,0x22,0x20,0x13,0x11,0x16,
    0x26,0x08,0x0f,0x02,0x03,0x0d,0x06,0x51,0x04,0x24,0x11,0x0a,0x0d,0x0d,0x24,0x14,
    0x0a,0x0d,0x0d,0x11,0x1a,0x11,0x1d,0x11,0x1f,0x11,0x20,0x23,0x0f,0x16,0x0d,0x23,
    0x13,0x20,0x12,0x11,0x21,0x11,0x22,0x11,0x24,0x11,0x25,0x01,0x12,0x17,0x16,0x02,
    0x0e,0x06,0x0f,0x15,0x01,0x22,0x06,0x01,0x33,0x0f,0x15,0x01,0x32,0x14,0x01,0x02,
    0x13,0x02,0x24,0x05,0x0a,0x10,0x02,0x08,0x13,0x02,0x0a,0x0e,0x06,0x0f,0x15,0x01,
    0x25,0x0e,0x06,0x0f,0x15,0x01,0x14,0x04,0x0a,0x0d,0x0d,0x11,0x06,0x21,0x01,0x25,
    0x0d,0x06,0x0f,0x15,0x01,0x36,0x0a,0x0e,0x06,0x0f,0x15,0x01,0x23,0x0f,0x15,0x01,
    0x25,0x11,0x06,0x0f,0x15,0x01,0x22,0x14,0x01,0x11,0x09,0x22,0x06,0x01,0x32,0x14,
    0x01,0x32,0x16,0x13,0x23,0x1a,0x05,0x13,0x11,0x0a,0x25,0x0e,0x06,0x0f,0x15,0x01,
    0x26,0x0f,0x08,0x06,0x0f,0x15,0x01,0x14,0x0e,0x0a,0x0d,0x0d,0x11,0x10,0x11,0x16,
    0x25,0x0d,0x06,0x0f,0x15,0x01,0x11,0x1a,0x27,0x15,0x09,0x0e,0x06,0x0f,0x15,0x01,
    0x11,0x1d,0x11,0x1f,0x11,0x20,0x25,0x08,0x06,0x0f,0x15,0x01,0x27,0x0e,0x02,0x0f,
    0x06,0x0f,0x15,0x01,0x28,0x14,0x16,0x13,0x08,0x06,0x0f,0x15,0x01,0x27,0x15,0x0a,
    0x04,0x06,0x0f,0x15,0x01,0x11,0x21,0x02,0x13,0x22,0x11,0x24,0x11,0x25,0x02,0x14,
    0x02,0x14,0x04,0x02,0x11,0x09,0x21,0x09,0x31,0x01,0x32,0x06,0x01,0x42,0x14,0x01,
    0x31,0x14,0x23,0x0d,0x20,0x13,0x22,0x10,0x11,0x11,0x06,0x21,0x01,0x24,0x0e,0x0a,
    0x0d,0x0d,0x23,0x0f,0x15,0x01,0x26,0x13,0x08,0x06,0x0f,0x15,0x01,0x35,0x11,0x06,
    0x0f,0x15,0x01,0x22,0x14,0x01,0x34,0x12,0x16,0x0a,0x02,0x11,0x09,0x21,0x01,0x22,
    0x06,0x01,0x33,0x0f,0x15,0x01,0x32,0x14,0x01,0x21,0x0e,0x22,0x10,0x0e,0x21,0x13,
    0x21,0x14,0x11,0x0a,0x19,0x0d,0x02,0x0d,0x10,0x0e,0x06,0x0f,0x15,0x01,0x31,0x17,
    0x04,0x14,0x0d,0x10,0x17,0x11,0x10,0x15,0x11,0x02,0x15,0x0a,0x02,0x23,0x06,0x13,
    0x0e,0x23,0x09,0x1f,0x13,0x32,0x20,0x13,0x23,0x0a,0x06,0x0d,0x33,0x13,0x10,0x14,
    0x22,0x10,0x13,0x46,0x16,0x0d,0x06,0x0f,0x15,0x01,0x17,0x15,0x02,0x0f,0x05,0x02,
    0x13,0x05,0x23,0x06,0x0a,0x0f,0x23,0x0a,0x08,0x0e,0x23,0x10,0x04,0x0c,0x33,0x0e,
    0x10,0x14,0x24,0x13,0x10,0x11,0x09,0x34,0x16,0x04,0x15,0x16,0x23,0x1a,0x0d,0x06,
    0x25,0x20,0x13,0x20,0x10,0x14,0x11,0x16,0x28,0x03,0x0d,0x0a,0x0e,0x06,0x0f,0x15,
    0x01,0x31,0x14,0x28,0x04,0x04,0x16,0x0d,0x06,0x0f,0x15,0x01,0x25,0x0e,0x06,0x0f,
    0x15,0x01,0x23,0x11,0x06,0x13,0x51,0x10,0x51,0x14,0x23,0x13,0x02,0x09,0x38,0x20,
    0x0e,0x0a,0x0f,0x06,0x0f,0x15,0x01,0x11,0x1a,0x11,0x1d,0x11,0x1f,0x02,0x14,0x20,
    0x11,0x21,0x11,0x22,0x11,0x24,0x11,0x25,0x11,0x26,0x02,0x15,0x02,0x24,0x04,0x09,
    0x1a,0x02,0x25,0x0e,0x06,0x0f,0x15,0x01,0x26,0x0f,0x08,0x06,0x0f,0x15,0x01,0x15,
    0x04,0x09,0x0a,0x0f,0x15,0x11,0x06,0x21,0x01,0x2a,0x0e,0x11,0x20,0x13,0x02,0x0e,
    0x06,0x0f,0x15,0x01,0x23,0x0f,0x15,0x01,0x26,0x13,0x08,0x06,0x0f,0x15,0x01,0x22,
    0x14,0x01,0x37,0x15,0x02,0x0e,0x06,0x0f,0x15,0x01,0x11,0x09,0x21,0x01,0x22,0x06,
    0x01,0x34,0x13,0x0e,0x10,0x14,0x32,0x14,0x01,0x32,0x16,0x13,0x21,0x0d,0x21,0x0e,
    0x21,0x0f,0x21,0x13,0x32,0x06,0x01,0x42,0x14,0x01,0x33,0x0a,0x0d,0x0d,0x21,0x14,
    0x02,0x15,0x0a,0x11,0x10,0x25,0x0e,0x06,0x0f,0x15,0x01,0x26,0x13,0x13,0x06,0x0f,
    0x15,0x01,0x11,0x13,0x24,0x02,0x0f,0x14,0x02,0x62,0x04,0x15,0x62,0x15,0x14,0x51,
    0x09,0x51,0x10,0x51,0x11,0x66,0x02,0x13,0x06,0x0f,0x15,0x01,0x51,0x16,0x22,0x06,
    0x01,0x33,0x0f,0x15,0x01,0x32,0x14,0x01,0x26,0x0a,0x05,0x06,0x0f,0x15,0x01,0x28,
    0x16,0x04,0x16,0x0d,0x06,0x0f,0x15,0x01,0x12,0x15,0x0d,0x11,0x16,0x25,0x0e,0x06,
    0x0f,0x15,0x01,0x23,0x0f,0x08,0x14,0x28,0x13,0x03,0x16,0x0d,0x06,0x0f,0x15,0x01,
    0x11,0x1a,0x11,0x1c,0x11,0x1d,0x11,0x1f,0x11,0x20,0x23,0x0d,0x20,0x06,0x41,0x0a,
    0x42,0x10,0x03,0x51,0x11,0x05,0x15,0x20,0x0d,0x20,0x14,0x11,0x21,0x11,0x22,0x11,
    0x24,0x11,0x25,0x05,0x16,0x04,0x0a,0x0d,0x0d,0x15,0x06,0x17,0x0a,0x0d,0x0d,0x14,
    0x0f,0x0a,0x02,0x19,0x32,0x10,0x17,0x13,0x14,0x15,0x13,0x14,0x17,0x0a,0x0d,0x0d,
    0x02,0x17,0x02,0x24,0x04,0x0a,0x0d,0x0d,0x26,0x0f,0x0a,0x0d,0x0d,0x0a,0x0f,0x71,
    0x14,0x11,0x06,0x21,0x01,0x27,0x0f,0x0a,0x0e,0x06,0x0f,0x15,0x01,0x32,0x15,0x01,
    0x49,0x13,0x0a,0x11,0x10,0x15,0x06,0x0f,0x15,0x01,0x22,0x14,0x01,0x11,0x0a,0x27,
    0x05,0x0a,0x0e,0x06,0x0f,0x15,0x01,0x22,0x0d,0x0d,0x11,0x10,0x25,0x0d,0x15,0x02,
    0x0e,0x11,0x11,0x13,0x22,0x06,0x01,0x33,0x0f,0x15,0x01,0x32,0x14,0x01,0x11,0x16,
    0x11,0x1a,0x02,0x17,0x1d,0x11,0x1f,0x11,0x20,0x25,0x0d,0x10,0x14,0x0c,0x0a,0x11,
    0x21,0x11,0x22,0x11,0x24,0x11,0x25,0x02,0x18,0x02,0x22,0x08,0x0f,0x11,0x06,0x21,
    0x01,0x23,0x0f,0x15,0x01,0x22,0x14,0x01,0x11,0x0a,0x11,0x10,0x11,0x13,0x11,0x16,
    0x05,0x19,0x06,0x0f,0x15,0x01,0x13,0x0a,0x0d,0x0d,0x05,0x1a,0x02,0x0d,0x08,0x0a,
    0x23,0x14,0x15,0x09,0x14,0x14,0x15,0x10,0x0e,0x02,0x1b,0x02,0x11,0x06,0x21,0x01,
    0x23,0x0f,0x15,0x01,0x22,0x14,0x01,0x11,0x0a,0x11,0x10,0x11,0x16,0x11,0x1a,0x02,
    0x1b,0x1f,0x11,0x20,0x06,0x1d,0x0e,0x06,0x0f,0x15,0x01,0x01,0x1e,0x06,0x1f,0x0e,
    0x06,0x0f,0x15,0x01,0x06,0x20,0x04,0x06,0x0f,0x15,0x01,0x26,0x0a,0x0e,0x06,0x0f,
    0x15,0x01,0x26,0x16,0x0e,0x06,0x0f,0x15,0x01,0x15,0x05,0x06,0x0f,0x15,0x01,0x22,
    0x09,0x0a,0x23,0x13,0x0a,0x06,0x43,0x12,0x16,0x06,0x15,0x0d,0x06,0x04,0x15,0x13,
    0x26,0x0a,0x0e,0x06,0x0f,0x15,0x01,0x27,0x10,0x12,0x16,0x06,0x0f,0x15,0x01,0x25,
    0x20,0x0e,0x06,0x0f,0x15,0x14,0x0e,0x0a,0x0d,0x0d,0x14,0x0f,0x06,0x13,0x08,0x26,
    0x0a,0x15,0x06,0x0f,0x15,0x01,0x16,0x11,0x0a,0x14,0x04,0x10,0x11,0x71,0x06,0x16,
    0x12,0x16,0x06,0x0f,0x15,0x01,0x38,0x0a,0x11,0x10,0x15,0x06,0x0f,0x15,0x01,0x47,
    0x17,0x02,0x0d,0x06,0x0f,0x15,0x01,0x15,0x13,0x06,0x0f,0x15,0x01,0x06,0x24,0x0e,
    0x06,0x0f,0x15,0x01,0x01,0x27,0x11,0x02,0x24,0x03,0x13,0x20,0x02,0x24,0x06,0x14,
    0x04,0x09,0x24,0x08,0x0f,0x02,0x15,0x25,0x0d,0x04,0x10,0x10,0x0d,0x08,0x27,0x02,
    0x0e,0x0a,0x0f,0x10,0x02,0x04,0x25,0x0f,0x02,0x14,0x15,0x13,0x37,0x06,0x14,0x15,
    0x09,0x20,0x14,0x0a,0x33,0x15,0x0a,0x02,0x51,0x06,0x63,0x0f,0x0f,0x06,0x51,0x14,
    0x51,0x20,0x25,0x11,0x10,0x14,0x15,0x02,0x26,0x13,0x08,0x06,0x0f,0x15,0x01,0x35,
    0x11,0x06,0x0f,0x15,0x01,0x23,0x14,0x15,0x02,0x11,0x06,0x22,0x0f,0x02,0x31,0x10,
    0x23,0x16,0x13,0x02,0x11,0x0a,0x23,0x08,0x0f,0x0a,0x41,0x20,0x22,0x0f,0x02,0x43,
    0x0f,0x0a,0x15,0x44,0x16,0x08,0x16,0x13,0x31,0x06,0x44,0x07,0x07,0x02,0x03,0x42,
    0x11,0x15,0x41,0x13,0x44,0x19,0x10,0x13,0x02,0x36,0x07,0x10,0x13,0x0e,0x02,0x15,
    0x31,0x0a,0x44,0x0e,0x0a,0x15,0x0a,0x41,0x12,0x41,0x15,0x04,0x27,0x0a,0x0f,0x10,
    0x43,0x04,0x16,0x0d,0x42,0x0f,0x05,0x34,0x14,0x15,0x02,0x03,0x33,0x15,0x06,0x13,
    0x61,0x02,0x61,0x06,0x61,0x0a,0x61,0x10,0x61,0x14,0x61,0x16,0x61,0x20,0x31,0x16,
    0x42,0x0a,0x15,0x41,0x0d,0x31,0x20,0x45,0x0d,0x16,0x04,0x15,0x02,0x45,0x0f,0x02,
    0x13,0x13,0x02,0x11,0x10,0x24,0x04,0x15,0x06,0x15,0x27,0x0f,0x08,0x16,0x06,0x0f,
    0x15,0x01,0x24,0x16,0x02,0x10,0x16,0x24,0x17,0x0a,0x14,0x04,0x11,0x16,0x11,0x1a,
    0x11,0x1d,0x11,0x1f,0x11,0x20,0x11,0x21,0x11,0x22,0x11,0x24,0x11,0x25,0x02,0x02,
    0x12,0x01,0x24,0x01,0x33,0x02,0x33,0x44,0x02,0x22,0x33,0x01,0x12,0x02,0x61,0x72,
    0x02,0x43,0x54,0x02,0x12,0x22,0x02,0x51,0x62,0x02,0x51,0x62,0x01,0x52,0x02,0x51,
    0x62,0x02,0x51,0x62,0x02,0x42,0x53,0x01,0x33,0x01,0x33,0x01,0x32,0x01,0x24,0x02,
    0x31,0x42,0x02,0x31,0x42,0x03,0x32,0x41,0x52,0x01,0x24,0x02,0x22,0x33,0x02,0x22,
    0x33,0x02,0x31,0x42,0x02,0x32,0x43,0x01,0x32,0x02,0x31,0x42,0x01,0x32,0x01,0x32,
    0x01,0x32,0x01,0x32,0x01,0x12,0x02,0x31,0x42,0x02,0x32,0x43,0x02,0x32,0x43,0x02,
    0x32,0x43,0x02,0x31,0x42,0x02,0x32,0x43,0x01,0x32,0x02,0x31,0x42,0x02,0x54,0x63,
    0x01,0x72,0x01,0x72,0x01,0x72,0x01,0x72,0x01,0x72,0x01,0x72,0x01,0x72,0x02,0x31,
    0x42,0x01,0x32,0x02,0x32,0x43,0x02,0x31,0x42,0x02,0x32,0x43,0x02,0x32,0x43,0x01,
    0x24,0x01,0x12,0x01,0x33,0x01,0x41,0x02,0x41,0x52,0x01,0x24,0x01,0x24,0x01,0x24,
    0x01,0x24,0x01,0x24,0x01,0x24,0x01,0x24,0x01,0x24,0x01,0x24,0x01,0x24,0x01,0x33,
    0x02,0x33,0x44,0x02,0x22,0x33,0x02,0x61,0x72,0x02,0x43,0x54,0x02,0x51,0x62,0x02,
    0x51,0x62,0x01,0x52,0x02,0x51,0x62,0x02,0x51,0x62,0x02,0x42,0x53,0x01,0x33,0x01,
    0x33,0x01,0x33,0x01,0x32,0x02,0x42,0x63,0x02,0x31,0x42,0x02,0x31,0x42,0x01,0x31,
    0x02,0x41,0x52,0x03,0x32,0x41,0x52,0x02,0x31,0x42,0x01,0x34,0x02,0x42,0x73,0x02,
    0x32,0x41,0x01,0x43,0x01,0x44,0x01,0x54,0x01,0x73,0x02,0x71,0x82,0x02,0x31,0x42,
    0x02,0x32,0x43,0x01,0x44,0x02,0x71,0x82,0x02,0x31,0x42,0x02,0x31,0x42,0x01,0x31,
    0x02,0x31,0x42,0x02,0x31,0x42,0x02,0x31,0x42,0x02,0x32,0x43,0x01,0x33,0x02,0x32,
    0x43,0x03,0x32,0x41,0x52,0x03,0x32,0x41,0x52,0x03,0x32,0x41,0x52,0x03,0x32,0x41,
    0x52,0x02,0x31,0x42,0x01,0x31,0x02,0x31,0x42,0x01,0x32,0x03,0x33,0x42,0x53,0x02,
    0x42,0x53,0x02,0x33,0x42,0x03,0x33,0x42,0x53,0x02,0x33,0x42,0x02,0x33,0x42,0x02,
    0x33,0x42,0x02,0x33,0x42,0x03,0x32,0x41,0x52,0x03,0x33,0x42,0x53,0x03,0x33,0x42,
    0x53,0x03,0x33,0x42,0x53,0x03,0x33,0x42,0x53,0x02,0x33,0x42,0x03,0x33,0x42,0x53,
    0x02,0x33,0x42,0x03,0x33,0x42,0x53,0x03,0x33,0x42,0x53,0x03,0x33,0x42,0x53,0x02,
    0x33,0x42,0x02,0x33,0x42,0x02,0x33,0x42,0x02,0x33,0x42,0x02,0x33,0x42,0x03,0x32,
    0x41,0x52,0x03,0x32,0x41,0x52,0x03,0x33,0x42,0x53,0x02,0x32,0x41,0x01,0x24,0x02,
    0x31,0x42,0x02,0x31,0x42,0x03,0x32,0x41,0x52,0x01,0x42,0x01,0x24,0x02,0x22,0x33,
    0x02,0x22,0x33,0x02,0x31,0x42,0x02,0x32,0x43,0x01,0x32,0x02,0x31,0x42,0x01,0x32,
    0x01,0x32,0x01,0x32,0x01,0x32,0x02,0x31,0x42,0x02,0x32,0x43,0x02,0x32,0x43,0x02,
    0x32,0x43,0x02,0x31,0x42,0x02,0x32,0x43,0x01,0x32,0x02,0x31,0x42,0x02,0x54,0x63,
    0x01,0x72,0x01,0x72,0x01,0x72,0x01,0x72,0x01,0x72,0x01,0x72,0x01,0x72,0x02,0x31,
    0x42,0x01,0x32,0x02,0x32,0x43,0x02,0x31,0x42,0x02,0x32,0x43,0x02,0x32,0x43,0x01,
    0x34,0x01,0x33,0x02,0x32,0x43,0x02,0x61,0x72,0x02,0x32,0x43,0x02,0x32,0x43,0x02,
    0x32,0x43,0x03,0x32,0x41,0x52,0x03,0x32,0x41,0x52,0x02,0x32,0x41,0x02,0x32,0x41,
    0x03,0x32,0x41,0x52,0x02,0x32,0x41,0x02,0x32,0x41,0x02,0x32,0x41,0x03,0x32,0x41,
    0x52,0x02,0x32,0x41,0x01,0x61,0x02,0x51,0x62,0x02,0x51,0x62,0x02,0x51,0x62,0x02,
    0x51,0x62,0x02,0x51,0x62,0x02,0x51,0x62,0x02,0x51,0x62,0x02,0x51,0x62,0x02,0x32,
    0x41,0x01,0x32,0x01,0x33,0x02,0x32,0x41,0x02,0x32,0x41,0x03,0x32,0x41,0x52,0x02,
    0x51,0x62,0x02,0x32,0x41,0x01,0x24,0x01,0x33,0x01,0x41,0x02,0x41,0x52,0x03,0x32,
    0x41,0x52,0x03,0x32,0x41,0x52,0x03,0x32,0x41,0x52,0x02,0x32,0x41,0x03,0x32,0x41,
    0x52,0x02,0x32,0x41,0x03,0x32,0x41,0x52,0x03,0x32,0x41,0x52,0x02,0x51,0x62,0x01,
    0x33,0x02,0x32,0x43,0x01,0x33,0x01,0x42,0x01,0x34,0x02,0x41,0x52,0x02,0x41,0x52,
    0x02,0x41,0x52,0x02,0x41,0x52,0x02,0x41,0x52,0x02,0x41,0x52,0x01,0x34,0x02,0x73,
    0x82,0x01,0x61,0x01,0x42,0x02,0x42,0x53,0x02,0x42,0x51,0x03,0x42,0x51,0x62,0x02,
    0x42,0x53,0x02,0x51,0x62,0x02,0x42,0x53,0x02,0x41,0x52,0x02,0x53,0x62,0x02,0x41,
    0x52,0x02,0x41,0x52,0x02,0x42,0x53,0x01,0x42,0x02,0x41,0x52,0x02,0x41,0x52,0x02,
    0x41,0x52,0x02,0x41,0x52,0x02,0x41,0x52,0x02,0x41,0x52,0x02,0x71,0x82,0x02,0x41,
    0x52,0x01,0x51,0x02,0x51,0x62,0x02,0x52,0x63,0x02,0x52,0x63,0x02,0x51,0x62,0x02,
    0x31,0x42,0x02,0x32,0x43,0x02,0x32,0x43,0x02,0x32,0x43,0x02,0x32,0x43,0x02,0x32,
    0x43,0x02,0x32,0x43,0x02,0x32,0x43,0x02,0x32,0x43,0x02,0x32,0x43,0x02,0x32,0x43,
    0x02,0x32,0x43,0x01,0x43,0x02,0x32,0x43,0x02,0x33,0x44,0x02,0x33,0x44,0x02,0x33,
    0x44,0x02,0x33,0x44,0x02,0x33,0x44,0x02,0x33,0x44,0x02,0x33,0x44,0x02,0x33,0x44,
    0x02,0x33,0x44,0x02,0x34,0x45,0x02,0x34,0x45,0x02,0x34,0x45,0x02,0x33,0x44,0x02,
    0x33,0x44,0x02,0x33,0x44,0x02,0x33,0x44,0x02,0x31,0x42,0x02,0x32,0x43,0x02,0x32,
    0x43,0x02,0x32,0x43,0x01,0x32,0x02,0x31,0x42,0x01,0x32,0x01,0x32,0x02,0x31,0x42,
    0x02,0x32,0x43,0x02,0x31,0x42,0x02,0x61,0x72,0x01,0x42,0x01,0x32,0x01,0x32,0x02,
    0x31,0x42,0x01,0x43,0x01,0x44,0x01,0x43,0x01,0x42,0x01,0x34,0x01,0x43,0x02,0x42,
    0x53,0x01,0x53,0x03,0x32,0x41,0x52,0x02,0x33,0x42,0x02,0x32,0x41,0x02,0x32,0x43,
    0x02,0x32,0x43,0x02,0x32,0x43,0x02,0x32,0x41,0x03,0x32,0x41,0x52,0x03,0x33,0x42,
    0x53,0x03,0x32,0x41,0x52,0x03,0x33,0x42,0x53,0x03,0x32,0x41,0x52,0x02,0x33,0x42,
    0x02,0x33,0x42,0x02,0x33,0x42,0x02,0x32,0x43,0x03,0x32,0x41,0x52,0x02,0x32,0x41,
    0x02,0x32,0x41,0x02,0x32,0x41,0x02,0x32,0x41,0x03,0x32,0x41,0x52,0x02,0x42,0x53,
    0x01,0x33,0x01,0x34,0x02,0x41,0x52,0x02,0x41,0x52,0x02,0x41,0x52,0x02,0x41,0x52,
    0x01,0x24,0x01,0x24,0x01,0x24,0x01,0x24,0x01,0x24,0x01,0x43,0x01,0x24,0x01,0x24,
    0x01,0x24,0x01,0x24,0x01,0x22,0x01,0x23,0x01,0x53,0x01,0x32,0x01,0x23,0x01,0x74,
    0x01,0x22,0x02,0x12,0x23,0x01,0x22,0x02,0x12,0x21,0x01,0x01,0x01,0x62,0x02,0x01,
    0x12,0x01,0x32,0x01,0x73,0x02,0x32,0x43,0x01,0x43,0x02,0x51,0x62,0x01,0x22,0x01,
    0x55,0x01,0x22,0x02,0x12,0x23,0x01,0x22,0x01,0x44,0x02,0x11,0x22,0x01,0x01,0x01,
    0x01,0x01,0x04,0x01,0x02,0x01,0x04,0x01,0x01,0x02,0x01,0x12,0x01,0x04,0x01,0x02,
    0x01,0x04,0x01,0x01,0x01,0x32,0x01,0x63,0x02,0x01,0x12,0x01,0x04,0x01,0x02,0x01,
    0x04,0x01,0x32,0x01,0x01,0x01,0x01,0x01,0x01,0x01,0x01,0x01,0x01,0x01,0x01,0x01,
    0x01,0x01,0x01,0x01,0x01,0x01,0x01,0x03,0x23,0x43,0x52,0x01,0x53,0x01,0x42,0x01,
    0x33,0x01,0x01,0x01,0x04,0x01,0x02,0x01,0x04,0x02,0x01,0x12,0x01,0x04,0x01,0x02,
    0x01,0x04,0x01,0x02,0x01,0x04,0x01,0x64,0x01,0x02,0x01,0x53,0x01,0x22,0x01,0x04,
    0x01,0x04,0x03,0x42,0x53,0x62,0x03,0x42,0x53,0x62,0x01,0x02,0x01,0x02,0x01,0x02,
    0x01,0x22,0x01,0x04,0x01,0x04,0x01,0x42,0x01,0x02,0x01,0x02,0x01,0x02,0x01,0x01,
    0x01,0x33,0x02,0x01,0x12,0x01,0x04,0x01,0x02,0x01,0x04,0x01,0x02,0x01,0x04,0x01,
    0x02,0x01,0x02,0x02,0x02,0x23,0x01,0x02,0x01,0x02,0x01,0x02,0x02,0x01,0x12,0x01,
    0x32,0x01,0x04,0x01,0x02,0x01,0x04,0x01,0x01,0x01,0x21,0x01,0x21,0x02,0x21,0x32,
    0x01,0x21,0x01,0x21,0x01,0x21,0x01,0x21,0x01,0x21,0x01,0x21,0x01,0x21,0x01,0x21,
    0x01,0x21,0x02,0x22,0x33,0x01,0x53,0x01,0x53,0x01,0x53,0x01,0x53,0x01,0x63,0x01,
    0x22,0x01,0x53,0x02,0x21,0x32,0x02,0x01,0x12,0x01,0x04,0x01,0x02,0x01,0x04,0x01,
    0x01,0x01,0x33,0x01,0x01,0x01,0x53,0x01,0x01,0x01,0x01,0x01,0x01,0x01,0x01,0x01,
    0x01,0x01,0x01,0x01,0x01,0x01,0x01,0x01,0x01,0x01,0x01,0x01,0x22,0x02,0x11,0x22,
    0x01,0x01,0x01,0x04,0x01,0x02,0x01,0x04,0x02,0x03,0x12,0x02,0x03,0x12,0x01,0x01,
    0x01,0x82,0x01,0x43,0x02,0x22,0x33,0x01,0x53,0x01,0x63,0x01,0x02,0x01,0x01,0x02,
    0x01,0x12,0x01,0x04,0x01,0x02,0x01,0x04,0x02,0x11,0x22,0x01,0x01,0x01,0x01,0x01,
    0x01,0x01,0x01,0x01,0x01,0x01,0x43,0x01,0x53,0x01,0x01,0x01,0x01,0x01,0x01,0x01,
    0x01,0x01,0x01,0x03,0x12,0x21,0x32,0x01,0x53,0x01,0x22,0x01,0x23,0x02,0x12,0x23,
    0x02,0x12,0x23,0x01,0x42,0x02,0x21,0x32,0x01,0x51,0x01,0x52,0x01,0x52,0x01,0x01,
    0x01,0x22,0x01,0x01,0x01,0x04,0x01,0x02,0x01,0x04,0x01,0x01,0x01,0x53,0x01,0x32,
    0x02,0x01,0x12,0x01,0x42,0x01,0x04,0x01,0x02,0x01,0x04,0x01,0x01,0x02,0x01,0x12,
    0x01,0x04,0x01,0x02,0x01,0x04,0x01,0x63,0x02,0x11,0x22,0x01,0x01,0x01,0x22,0x01,
    0x01,0x01,0x01,0x01,0x01,0x01,0x01,0x01,0x43,0x01,0x01,0x01,0x01,0x01,0x01,0x01,
    0x01,0x01,0x01,0x01,0x01,0x01,0x04,0x01,0x02,0x01,0x04,0x02,0x01,0x12,0x02,0x01,
    0x12,0x02,0x01,0x12,0x02,0x01,0x12,0x02,0x01,0x12,0x01,0x01,0x01,0x33,0x02,0x01,
    0x12,0x01,0x04,0x01,0x02,0x01,0x04,0x02,0x01,0x12,0x01,0x04,0x01,0x02,0x01,0x04,
    0x01,0x01,0x02,0x01,0x12,0x01,0x42,0x01,0x83,0x01,0x04,0x01,0x02,0x01,0x04,0x02,
    0x11,0x22,0x01,0x01,0x01,0x04,0x01,0x02,0x01,0x04,0x01,0x01,0x01,0x01,0x01,0x01,
    0x01,0x01,0x01,0x01,0x01,0x01,0x01,0x01,0x01,0x01,0x01,0x01,0x01,0x01,0x01,0x04,
    0x01,0x04,0x01,0x01,0x01,0x33,0x01,0x01,0x01,0x01,0x01,0x22,0x01,0x01,0x02,0x44,
    0x51,0x01,0x62,0x01,0x62,0x01,0x62,0x01,0x62,0x01,0x62,0x01,0x62,0x01,0x62,0x02,
    0x41,0x52,0x02,0x41,0x52,0x02,0x41,0x52,0x02,0x41,0x52,0x02,0x41,0x52,0x02,0x41,
    0x52,0x02,0x41,0x52,0x01,0x01,0x01,0x01,0x01,0x01,0x01,0x41,0x02,0x41,0x52,0x01,
    0x01,0x01,0x01,0x01,0x01,0x01,0x01,0x01,0x11,0x01,0x11,0x01,0x53,0x01,0x22,0x01,
    0x43,0x01,0x43,0x01,0x54,0x01,0x43,0x01,0x43,0x01,0x43,0x01,0x43,0x01,0x43,0x01,
    0x53,0x01,0x01,0x01,0x43,0x01,0x43,0x01,0x63,0x01,0x73,0x01,0x42,0x02,0x21,0x32,
    0x01,0x11,0x01,0x23,0x02,0x12,0x23,0x02,0x12,0x23,0x02,0x12,0x23,0x02,0x11,0x22,
    0x01,0x33,0x02,0x11,0x22,0x01,0x01,0x01,0x23,0x01,0x04,0x01,0x02,0x01,0x04,0x01,
    0x02,0x01,0x01,0x01,0x01,0x01,0x04,0x01,0x02,0x01,0x04,0x02,0x01,0x12,0x01,0x04,
    0x01,0x01,0x01,0x01,0x02,0x01,0x12,0x01,0x01,0x01,0x01,0x01,0x01,0x01,0x01,0x01,
    0x01,0x01,0x01,0x01,0x01,0x01,0x01,0x01,0x01,0x01,0x01,0x02,0x22,0x33,0x01,0x01,
    0x01,0x04,0x01,0x02,0x01,0x04,0x01,0x01,0x01,0x33,0x01,0x13,0x01,0x32,0x01,0x12,
    0x01,0x01,0x02,0x11,0x22,0x01,0x01,0x01,0x01,0x01,0x01,0x01,0x01,0x01,0x01,0x01,
    0x01,0x01,0x01,0x01,0x01,0x01,0x01,0x01,0x01,0x01,0x01,0x01,0x01,0x01,0x04,0x01,
    0x04,0x01,0x01,0x01,0x33,0x01,0x34,0x01,0x22,0x01,0x33,0x02,0x01,0x12,0x02,0x01,
    0x12,0x02,0x01,0x12,0x01,0x01,0x01,0x63,0x02,0x32,0x43,0x03,0x42,0x51,0x62,0x02,
    0x11,0x22,0x01,0x01,0x01,0x63,0x01,0x01,0x01,0x01,0x01,0x01,0x01,0x01,0x01,0x53,
    0x01,0x01,0x01,0x01,0x01,0x01,0x01,0x01,0x01,0x01,0x01,0x01,0x01,0x01,0x01,0x04,
    0x01,0x02,0x01,0x04,0x01,0x01,0x01,0x01,0x02,0x13,0x22,0x02,0x13,0x22,0x01,0x01,
    0x01,0x53,0x01,0x11,0x01,0x01,0x01,0x01,0x01,0x01,0x01,0x01,0x01,0x01,0x01,0x01,
    0x01,0x01,0x01,0x01,0x01,0x01,0x02,0x12,0x23,0x01,0x01,0x02,0x11,0x22,0x02,0x12,
    0x23,0x02,0x12,0x23,0x01,0x11,0x02,0x52,0x63,0x01,0x22,0x01,0x63,0x02,0x41,0x52,
    0x01,0x33,0x01,0x22,0x02,0x11,0x22,0x02,0x11,0x22,0x02,0x11,0x22,0x02,0x11,0x22,
    0x02,0x11,0x22,0x02,0x11,0x22,0x02,0x11,0x22,0x02,0x11,0x22,0x02,0x31,0x42,0x02,
    0x11,0x22,0x01,0x01,0x02,0x51,0x62,0x01,0x53,0x01,0x53,0x01,0x53,0x01,0x53,0x01,
    0x01,0x01,0x04,0x01,0x02,0x01,0x33,0x01,0x53,0x01,0x53,0x01,0x04,0x02,0x01,0x12,
    0x01,0x04,0x01,0x04,0x01,0x02,0x01,0x04,0x01,0x22,0x01,0x04,0x01,0x04,0x01,0x02,
    0x02,0x51,0x62,0x01,0x22,0x01,0x04,0x01,0x04,0x01,0x02,0x01,0x02,0x02,0x03,0x22,
    0x02,0x03,0x22,0x01,0x01,0x01,0x53,0x02,0x01,0x12,0x01,0x04,0x01,0x02,0x01,0x04,
    0x01,0x32,0x02,0x01,0x12,0x02,0x01,0x12,0x01,0x01,0x01,0x21,0x02,0x41,0x52,0x02,
    0x41,0x52,0x02,0x41,0x52,0x02,0x41,0x52,0x02,0x41,0x52,0x02,0x41,0x52,0x01,0x63,
    0x02,0x41,0x52,0x02,0x41,0x52,0x02,0x01,0x12,0x01,0x04,0x01,0x02,0x01,0x04,0x01,
    0x83,0x01,0x83,0x02,0x32,0x43,0x01,0x63,0x01,0x33,0x01,0x33,0x01,0x63,0x02,0x01,
    0x12,0x02,0x01,0x12,0x02,0x01,0x12,0x01,0x01,0x02,0x22,0x33,0x02,0x22,0x33,0x01,
    0x53,0x01,0x53,0x01,0x01,0x01,0x01,0x01,0x01,0x01,0x01,0x01,0x22,0x03,0x21,0x32,
    0x42,0x01,0x01,0x01,0x01,0x01,0x01,0x01,0x01,0x01,0x01,0x01,0x32,0x01,0x04,0x01,
    0x02,0x01,0x04,0x01,0x01,0x02,0x51,0x62,0x01,0x33,0x01,0x22,0x01,0x44,0x01,0x01,
    0x01,0x04,0x01,0x23,0x01,0x42,0x01,0x02,0x01,0x23,0x01,0x04,0x02,0x01,0x12,0x01,
    0x04,0x01,0x04,0x02,0x02,0x13,0x02,0x02,0x13,0x01,0x01,0x01,0x22,0x01,0x33,0x01,
    0x44,0x01,0x01,0x01,0x01,0x01,0x23,0x01,0x01,0x01,0x42,0x01,0x01,0x01,0x01,0x01,
    0x01,0x01,0x23,0x01,0x43,0x01,0x53,0x01,0x43,0x01,0x01,0x01,0x01,0x01,0x01,0x01,
    0x01,0x01,0x01,0x02,0x01,0x12,0x02,0x01,0x12,0x01,0x04,0x01,0x04,0x01,0x04,0x01,
    0x02,0x02,0x01,0x12,0x02,0x01,0x12,0x01,0x01,0x01,0x04,0x01,0x54,0x01,0x02,0x01,
    0x33,0x01,0x33,0x01,0x04,0x02,0x61,0x72,0x02,0x01,0x12,0x01,0x04,0x01,0x04,0x01,
    0x02,0x01,0x04,0x01,0x02,0x02,0x02,0x13,0x01,0x02,0x01,0x02,0x01,0x01,0x01,0x52,
    0x02,0x01,0x12,0x02,0x01,0x12,0x01,0x01,0x02,0x01,0x12,0x02,0x01,0x12,0x02,0x01,
    0x12,0x02,0x01,0x12,0x02,0x01,0x12,0x02,0x01,0x12,0x02,0x01,0x12,0x01,0x54,0x02,
    0x01,0x12,0x02,0x01,0x12,0x02,0x01,0x12,0x02,0x01,0x12,0x02,0x01,0x12,0x02,0x01,
    0x12,0x02,0x01,0x12,0x02,0x01,0x12,0x02,0x61,0x72,0x01,0x01,0x01,0x52,0x02,0x31,
    0x42,0x01,0x53,0x01,0x22,0x02,0x44,0x51,0x01,0x62,0x01,0x62,0x02,0x23,0x32,0x01,
    0x63,0x01,0x01,0x01,0x01,0x01,0x01,0x01,0x01,0x01,0x01,0x01,0x01,0x01,0x01,0x01,
    0x01,0x01,0x01,0x01,0x01,0x02,0x51,0x62,0x01,0x22,0x01,0x33,0x02,0x53,0x62,0x01,
    0x01,0x01,0x04,0x01,0x73,0x01,0x02,0x01,0x33,0x01,0x04,0x01,0x53,0x02,0x01,0x12,
    0x01,0x04,0x01,0x04,0x02,0x61,0x72,0x01,0x04,0x02,0x02,0x13,0x01,0x02,0x01,0x02,
    0x01,0x02,0x01,0x22,0x01,0x04,0x01,0x04,0x01,0x53,0x01,0x02,0x01,0x01,0x01,0x01,
    0x01,0x22,0x01,0x33,0x02,0x01,0x12,0x03,0x42,0x51,0x62,0x02,0x43,0x52,0x02,0x43,
    0x52,0x02,0x42,0x53,0x03,0x42,0x51,0x62,0x02,0x42,0x53,0x01,0x73,0x03,0x42,0x51,
    0x62,0x01,0x04,0x01,0x02,0x01,0x04,0x01,0x33,0x01,0x53,0x02,0x11,0x22,0x01,0x01,
    0x01,0x22,0x02,0x42,0x53,0x01,0x53,0x01,0x01,0x01,0x01,0x01,0x01,0x01,0x01,0x01,
    0x01,0x02,0x41,0x52,0x02,0x41,0x52,0x02,0x41,0x52,0x02,0x41,0x52,0x02,0x41,0x52,
    0x01,0x01,0x01,0x01,0x01,0x01,0x01,0x01,0x01,0x44,0x01,0x54,0x02,0x31,0x42,0x02,
    0x31,0x42,0x02,0x12,0x23,0x01,0x44,0x01,0x01,0x01,0x54,0x01,0x53,0x01,0x53,0x01,
    0x01,0x01,0x04,0x01,0x42,0x01,0x02,0x01,0x83,0x01,0x04,0x01,0x01,0x01,0x42,0x01,
    0x33,0x01,0x01,0x02,0x32,0x41,0x02,0x01,0x12,0x01,0x04,0x01,0x02,0x01,0x04,0x01,
    0x01,0x01,0x01,0x01,0x01,0x01,0x01,0x01,0x01,0x02,0x41,0x52,0x01,0x01,0x01,0x01,
    0x01,0x01,0x01,0x01,0x01,0x01,0x02,0x22,0x33,0x01,0x01,0x01,0x04,0x01,0x02,0x01,
    0x04,0x01,0x01,0x01,0x01,0x02,0x01,0x12,0x01,0x01,0x01,0x02,0x01,0x33,0x01,0x11,
    0x01,0x11,0x02,0x11,0x22,0x01,0x01,0x01,0x01,0x01,0x04,0x01,0x02,0x01,0x04,0x01,
    0x01,0x01,0x01,0x01,0x01,0x01,0x01,0x01,0x01,0x01,0x01,0x01,0x12,0x01,0x01,0x01,
    0x12,0x01,0x13,0x01,0x32,0x01,0x32,0x01,0x13,0x01,0x22,0x02,0x01,0x12,0x02,0x01,
    0x12,0x02,0x01,0x12,0x01,0x32,0x01,0x33,0x02,0x01,0x12,0x01,0x44,0x02,0x01,0x12,
    0x01,0x33,0x02,0x32,0x43,0x02,0x33,0x44,0x01,0x13,0x01,0x63,0x01,0x64,0x01,0x13,
    0x01,0x12,0x02,0x02,0x12,0x01,0x24,0x01,0x33,0x02,0x33,0x44,0x02,0x22,0x33,0x01,
    0x12,0x02,0x61,0x72,0x02,0x43,0x54,0x02,0x12,0x22,0x02,0x51,0x62,0x02,0x51,0x62,
    0x01,0x52,0x02,0x51,0x62,0x02,0x51,0x62,0x02,0x42,0x53,0x01,0x33,0x01,0x33,0x01,
    0x32,0x01,0x24,0x02,0x31,0x42,0x02,0x31,0x42,0x03,0x32,0x41,0x52,0x01,0x24,0x02,
    0x22,0x33,0x02,0x22,0x33,0x02,0x31,0x42,0x02,0x32,0x43,0x01,0x32,0x02,0x31,0x42,
    0x01,0x32,0x01,0x32,0x01,0x32,0x01,0x32,0x01,0x12,0x02,0x31,0x42,0x02,0x32,0x43,
    0x02,0x32,0x43,0x02,0x32,0x43,0x02,0x31,0x42,0x02,0x32,0x43,0x01,0x32,0x02,0x31,
    0x42,0x02,0x54,0x63,0x01,0x72,0x01,0x72,0x01,0x72,0x01,0x72,0x01,0x72,0x01,0x72,
    0x01,0x72,0x02,0x31,0x42,0x01,0x32,0x02,0x32,0x43,0x02,0x31,0x42,0x02,0x32,0x43,
    0x02,0x32,0x43,0x01,0x24,0x01,0x12,0x01,0x33,0x01,0x41,0x02,0x41,0x52,0x01,0x24,
    0x01,0x24,0x01,0x24,0x01,0x24,0x01,0x24,0x01,0x24,0x01,0x24,0x01,0x24,0x01,0x24,
};

#define HYPH_EN_OFF 0
#define HYPH_FR_OFF 26611

#endif
